URL,Name,Address,Capital,Sales,Market,President
https://baseconnect.in/companies/98697a1c-5157-4c53-a168-f1f64fe872ca,アルフレッサ株式会社,〒101-0047東京都千代田区内神田１丁目１２番１号,40億円,1000億円以上,未上場,情報あり
https://baseconnect.in/companies/ranking,業界別の売上高ランキングを見る,,,,,
https://baseconnect.in/companies/8b93e220-fc75-42c9-9180-c1809e784290,日本電信電話株式会社,〒100-0004東京都千代田区大手町１丁目５番１号,9380億円,1000億円以上,東証プライム,情報あり
https://baseconnect.in/companies/77a4d87d-8b54-47a2-8463-13c04f124426,株式会社アイルネット,〒107-0062東京都港区南青山１丁目１番１号,1億円,50億〜300億円,未上場,情報あり
https://baseconnect.in/companies/64e98208-0f63-479e-b8fd-7ecbfa4215fa,株式会社東京システムリサーチ,〒135-0061東京都江東区豊洲５丁目４番９号,8000万円,,未上場,情報あり
https://baseconnect.in/companies/089e8b95-16b1-4830-9994-495748d15197,株式会社ＢＥＸ,〒471-0025愛知県豊田市西町５丁目５番地,3500万円,10億〜50億円,未上場,情報あり
https://baseconnect.in/companies/fe2dd241-5521-4066-8dad-028eb4346685,株式会社トヨタマップマスター,〒453-0872愛知県名古屋市中村区平池町４丁目６０番地の１２,4億8000万円,50億〜300億円,未上場,情報あり
https://baseconnect.in/companies/b3e67c44-3d19-4269-bde8-6efb0138145d,パナソニックコネクト株式会社,〒812-0017福岡県福岡市博多区美野島４丁目１番６２号,2593億円,1000億円以上,未上場,情報あり
https://baseconnect.in/companies/02776744-24b8-4619-805a-1ab0a28aa123,株式会社コネクター・ジャパン,〒105-0004東京都港区新橋５丁目１４－１０新橋スクエアビル９Ｆ,,,未上場,情報あり
https://baseconnect.in/companies/21ef7790-8500-4e4a-b6eb-42d901a9a5d1,ｄＳＰＡＣＥ　Ｊａｐａｎ株式会社,〒140-0001東京都品川区北品川４丁目７番３５号御殿山トラストタワー１０階,2500万円,,未上場,情報あり
https://baseconnect.in/companies/ae553f24-ee88-45f9-bd44-2dede994c3a3,株式会社スタイラジー,〒160-0023東京都新宿区西新宿６丁目５番１号,2710万円,10億〜50億円,未上場,情報あり
https://baseconnect.in/companies/36100653-3aeb-4211-acbe-708775524fa2,東日本電信電話株式会社,〒160-0023東京都新宿区西新宿３丁目１９番２号,3350億円,1000億円以上,未上場,情報あり
https://baseconnect.in/companies/category,業界ごとに会社を探す,,,,,
https://baseconnect.in/companies/a7e62875-0dd7-4f7b-9495-617f971a8055,株式会社システック井上,〒850-0046長崎県長崎市幸町４番２０号エスケービル３階,2000万円,,未上場,情報あり
https://baseconnect.in/companies/c0244aca-d3e0-4a6d-8303-142843aafda5,株式会社三恭,〒167-0052東京都杉並区南荻窪４丁目３９番１１号,,,未上場,情報あり
https://baseconnect.in/companies/0f35f7c7-21dc-456d-9c4d-a2306a19bd1c,日本電気株式会社,〒108-0014東京都港区芝５丁目７番１号,4278億円,1000億円以上,東証プライム,情報あり
https://baseconnect.in/companies/9cd72681-5b3a-4af8-9426-179a6bf07059,ＬＲ株式会社,〒899-2504鹿児島県日置市伊集院町郡１３４３番地１,,,未上場,
https://baseconnect.in/companies/2bcf84a4-488f-4bf4-80d7-1c287fcef696,株式会社プロテラス,〒107-0052東京都港区赤坂４丁目１３番１３号,,,未上場,情報あり
https://baseconnect.in/companies/e2a495cb-4657-445f-aef6-1271de313643,株式会社ソフトウエア・サイエンス,〒171-0022東京都豊島区南池袋２丁目３２番８号,9000万円,10億〜50億円,未上場,情報あり
https://baseconnect.in/companies/e55108c0-a06e-4f31-b440-d38096b45119,株式会社アクティブ・ワーク,〒101-0032東京都千代田区岩本町３丁目４番６号,9400万円,10億〜50億円,未上場,情報あり
https://baseconnect.in/companies/0cbc0a13-a782-43c7-a3b2-2ec95710d2ab,東邦薬品株式会社,〒155-0032東京都世田谷区代沢４丁目４３番１１号,3億円,1000億円以上,未上場,情報あり
https://baseconnect.in/companies/b17a4276-8a9b-4c5e-9307-42178cbd084f,株式会社エアトリ,〒105-0002東京都港区愛宕２丁目５番１号,17億8326万5840円,50億〜300億円,東証プライム,情報あり
https://baseconnect.in/companies/6e3db55b-fecd-449e-898f-3b7d16d76687,株式会社セイファート,〒150-0002東京都渋谷区渋谷３丁目２７番１１号,2億6600万円,10億〜50億円,東証スタンダード,情報あり
https://baseconnect.in/companies/254f0bab-c3d0-48f2-a4c5-05f404d7be6f,ＩＩＭヒューマン・ソリューション株式会社,〒100-0011東京都千代田区内幸町１丁目２番１号,5000万円,,未上場,情報あり
https://baseconnect.in/companies/f589c0d6-f2db-4a8c-b571-75c8c51a82de,株式会社ＧＲＣＳ,〒100-0005東京都千代田区丸の内１丁目１番１号パレスビル５階,3億6300万円,10億〜50億円,東証グロース,情報あり
https://baseconnect.in/companies/4c517fa8-5d50-40d0-87c3-dc4d239901d2,住友電気工業株式会社,〒541-0041大阪府大阪市中央区北浜４丁目５番３３号,997億3700万円,1000億円以上,東証プライム,情報あり
https://baseconnect.in/companies/66218d3a-5cce-4a6c-a3e4-db250cc2ae90,裕幸計装株式会社,〒152-0001東京都目黒区中央町２丁目８番８号,1億円,10億〜50億円,未上場,情報あり
https://baseconnect.in/companies/55cef82d-eb76-45ae-b48a-1cccc9952a8d,株式会社電陽社,〒930-0846富山県富山市奥井町１７番３８号,4000万円,10億〜50億円,未上場,情報あり
https://baseconnect.in/companies/0b3334e2-ad5c-437a-b933-09523fdf1913,株式会社ＮＴＴデータ北陸,〒920-0031石川県金沢市広岡３丁目１番１号,1億円,50億〜300億円,未上場,情報あり
https://baseconnect.in/companies/b8bddf87-91a9-43b6-854e-c059d9ea9ce5,ｉＹｅｌｌ株式会社,〒153-0042東京都目黒区青葉台４丁目７番７号,85億8000万円,,未上場,情報あり
https://baseconnect.in/companies/7c95eef0-af44-4ae6-a2b3-b38402a229e6,株式会社Ｋ－ＢＩＴ,〒541-0054大阪府大阪市中央区南本町１丁目６番２０号,6000万円,10億〜50億円,未上場,情報あり
https://baseconnect.in/companies/4f9c9d13-2ee4-417a-b1ac-64dc5e2888e7,アクティスジャパン株式会社,〒460-0007愛知県名古屋市中区新栄１丁目７番７号,9500万円,10億〜50億円,未上場,情報あり
https://baseconnect.in/companies/5bd9e3f2-0a1e-40c2-a800-a526c1176d14,岡谷システム株式会社,〒460-0008愛知県名古屋市中区栄２丁目４番１８号,4567万5000円,10億〜50億円,未上場,情報あり
https://baseconnect.in/companies/435fbec4-cae9-4446-a3ec-c83ce441eb5b,株式会社エブリー,〒106-0032東京都港区六本木３丁目２番１号,26億4600万円,,未上場,情報あり
https://baseconnect.in/companies/c8026fbb-9c78-446d-b4cd-3f84c211b057,ＮＥＣセキュリティ株式会社,〒105-0021東京都港区東新橋１丁目９番２号,3億円,,未上場,情報あり
https://baseconnect.in/companies/8974c20c-d342-4c85-baff-c295368ee0a2,日本ペットフード株式会社,〒140-0002東京都品川区東品川２丁目２番４号,1億円,50億〜300億円,未上場,情報あり
https://baseconnect.in/companies/66ffb8a9-e542-4858-a277-ebb1c2871513,Ｕｂｅｒ　Ｅａｔｓ　Ｊａｐａｎ合同会社,〒106-0032東京都港区六本木１丁目９番１０号,100万円,,未上場,情報あり
https://baseconnect.in/companies/46418042-fa9e-4e86-9d7d-9e35e97a1e3d,理研産業株式会社,〒730-0051広島県広島市中区大手町４丁目６番２７号,6000万円,50億〜300億円,未上場,情報あり
https://baseconnect.in/companies/dc02e23d-1a5f-4b2c-ab55-264ed8c456b5,三井金属ユアソフト株式会社,〒506-1147岐阜県飛騨市神岡町東雲７８５番地,1億円,10億〜50億円,未上場,情報あり
https://baseconnect.in/companies/eb4ed2f4-4727-4c58-89d6-3fde90cee953,株式会社オーネスト,〒113-0033東京都文京区本郷４丁目３７番１７号,9000万円,10億〜50億円,未上場,情報あり
https://baseconnect.in/companies/02b59082-512f-43bf-a22a-bbcc5cf225a7,商船三井システムズ株式会社,〒105-0001東京都港区虎ノ門２丁目１番１号,1億円,50億〜300億円,未上場,情報あり
https://baseconnect.in/companies/eb9547ba-c0ed-4e5b-9a16-e9fc437a69ce,株式会社ワイ・シー・シー,〒400-0035山梨県甲府市飯田３丁目１番２号,2億1200万円,10億〜50億円,未上場,情報あり
https://baseconnect.in/companies/cb15146b-5dac-4cc1-8a85-1273d2d76cfc,株式会社システムベース,〒024-0004岩手県北上市村崎野１９地割１１６番地４,3000万円,10億〜50億円,未上場,情報あり
https://baseconnect.in/companies/listing_market,上場区分ごとに会社を探す,,,,,
https://baseconnect.in/companies/3e8b8811-3434-4ba5-aa73-27bd9c276b00,株式会社ウフル,〒105-0001東京都港区虎ノ門４丁目１番１号,11億2899万9000円,,未上場,
https://baseconnect.in/companies/prefecture,都道府県・市町村ごとに会社を探す,,,,,
https://baseconnect.in/companies/d127084c-e902-4ea9-9a08-be853052ab94,日本電営株式会社,〒101-0044東京都千代田区鍛冶町２丁目６番１号（堀内ビル）,3000万円,10億〜50億円,未上場,情報あり
https://baseconnect.in/companies/4c05c32f-97a6-4fd0-acec-89047d859695,株式会社ピクシス・テクノロジーズ,〒104-0032東京都中央区八丁堀２丁目２４番３号ＰＭＯ八丁堀Ⅱ２階,2000万円,10億〜50億円,未上場,情報あり
https://baseconnect.in/companies/a24aadef-ea5a-4f6a-bc7d-0be5f74beb8d,三菱電機株式会社,〒100-0005東京都千代田区丸の内２丁目７番３号,1758億2000万円,1000億円以上,東証プライム,情報あり
https://baseconnect.in/companies/6ee9079b-f656-40aa-aaad-0d0fc8e4b25d,株式会社メディパルホールディングス,〒104-0031東京都中央区京橋３丁目１番１号,223億9800万円,1000億円以上,東証プライム,情報あり
https://baseconnect.in/companies/4f6c3f50-6b3a-49a7-b197-d2fd7a905e03,ＰＴＣジャパン株式会社,〒160-0023東京都新宿区西新宿６丁目８番１号,5000万円,,未上場,情報あり
https://baseconnect.in/companies/647cf1b9-f0bd-463a-912d-42ad6a02d3a7,株式会社スカラ,〒150-0002東京都渋谷区渋谷２丁目２１番１号,17億9400万円,,東証プライム,情報あり
https://baseconnect.in/companies/keyword,事業内容ごとに会社を探す,,,,,
https://baseconnect.in/companies/444f66e9-ebd1-4977-8e58-d9bff96821e9,株式会社西出自動車工作所,〒550-0013大阪府大阪市西区新町１丁目１２番８号,2000万円,50億〜300億円,未上場,情報あり
https://baseconnect.in/companies/0dcedb5c-e999-4c5d-8ee7-f308d173501f,オーエスエレクトロニクス株式会社,〒101-0021東京都千代田区外神田３丁目１６番８号,9900万円,300億〜1000億円,未上場,情報あり
https://baseconnect.in/companies/18231eba-e3af-49ad-aa66-54794e296a64,株式会社ジャストオートリーシング,〒224-0025神奈川県横浜市都筑区早渕１丁目１番１１号,3億6270万円,50億〜300億円,未上場,情報あり
https://baseconnect.in/companies/de6e6972-b446-428d-be04-7fa7e6c0af43,株式会社エヌ・ティ・ティ・データＮＣＢ,〒812-0011福岡県福岡市博多区博多駅前１丁目１７番２１号ＮＴＴＤＡＴＡ博多駅前ビル,5000万円,50億〜300億円,未上場,情報あり
https://baseconnect.in/companies/c5348b18-4302-40f7-9ee3-33067f2bcbcd,株式会社アビット,〒103-0013東京都中央区日本橋人形町３丁目１０番１号,5000万円,,未上場,情報あり
https://baseconnect.in/companies/cedd5ad7-5f0c-4488-b0cc-602f22da69d0,ノックスデータ株式会社,〒140-0013東京都品川区南大井６丁目２６番２号大森ベルポートＢ館,4500万円,10億〜50億円,未上場,情報あり
https://baseconnect.in/companies/b1b7b638-30f5-449f-8b4c-7c50b5228f01,ＮＸ情報システム株式会社,〒101-0024東京都千代田区神田和泉町２番地,3000万円,50億〜300億円,未上場,情報あり
https://baseconnect.in/companies/552e467f-e1df-4727-aa15-c7d4eb64d125,株式会社ワンゴジュウゴ,〒102-0094東京都千代田区紀尾井町３番６号,5000万円,,未上場,情報あり
https://baseconnect.in/companies/11eceed6-6598-4367-90e2-b8d9eb683c40,株式会社日立製作所,〒100-0005東京都千代田区丸の内１丁目６番６号,4634億1700万円,1000億円以上,東証プライム,情報あり
https://baseconnect.in/companies/e65e1c25-2420-4248-a5dd-64cfc7169f35,株式会社ヤザワコーポレーション,〒116-0014東京都荒川区東日暮里１丁目３２番６号,9000万円,50億〜300億円,未上場,情報あり
https://baseconnect.in/companies/12e8e2de-d548-418e-b10f-4b1a27e81e47,ネットイヤーグループ株式会社,〒104-0061東京都中央区銀座２丁目１５番２号,5億7000万円,10億〜50億円,東証グロース,情報あり
https://baseconnect.in/companies/740a67cb-e9fb-4de0-a359-1bda92ded14b,富士インフォックス・ネット株式会社,〒108-0014東京都港区芝５丁目１３番１５号,6000万円,,未上場,情報あり
https://baseconnect.in/companies/508d74c3-bcd3-484a-afe9-967203fc6e35,システム・エナジー株式会社,〒170-0013東京都豊島区東池袋１丁目３３番８号,5000万円,10億〜50億円,未上場,
https://baseconnect.in/companies/f308b6b9-c4ce-4354-803c-6d21a6435628,株式会社プレシャスパートナーズ,〒160-0023東京都新宿区西新宿２丁目６番１号,3000万円,10億〜50億円,未上場,情報あり
https://baseconnect.in/companies/fcda2fca-534f-40fb-a616-cf4bc8427e57,テックタッチ株式会社,〒104-0061東京都中央区銀座８丁目１７番１号ＰＭＯ銀座Ⅱ５階,24億円,,未上場,情報あり
https://baseconnect.in/companies/99b57c01-6173-445d-a0ee-6e2814a908ee,株式会社ユーテック,〒102-0076東京都千代田区五番町１４番地１,2億円,,未上場,情報あり
https://baseconnect.in/companies/82da4cfd-22ed-4171-888f-f28e96af2d77,株式会社プロシード,〒247-0056神奈川県鎌倉市大船３丁目２－１５プロシードＥａｓｔⅡ,1500万円,,未上場,情報あり
https://baseconnect.in/companies/77343482-b362-4208-9d65-3bfd38f83e98,フクダコーリン株式会社,〒113-0033東京都文京区本郷２丁目３５番２７号,3億円,,未上場,情報あり
https://baseconnect.in/companies/e3c68a5f-eec4-4d47-81cf-566743747c94,株式会社Ｆｒｅｅｗｉｌｌ,〒107-0061東京都港区北青山１丁目４－５ＶＯＲＴ青山一丁目Ｄｕａｌ‘ｓ３０１号室,1000万円,,未上場,情報あり
https://baseconnect.in/companies/067b0777-4c90-455c-94ec-65e5a687c12e,株式会社樋口総合研究所,〒252-0303神奈川県相模原市南区相模大野３丁目１２番６号ＶＩＡビル７Ｆ,3000万円,3億〜10億円,未上場,情報あり
https://baseconnect.in/companies/30898e82-eac1-4824-8c59-dcddf961c025,株式会社さくらコーポレーション,〒590-0901大阪府堺市堺区築港八幡町１番地,2億円,10億〜50億円,未上場,情報あり
https://baseconnect.in/companies/cec2d517-0f53-499c-9bcf-d680aaa9c994,ギークス株式会社,〒150-0002東京都渋谷区渋谷２丁目２４番１２号,11億900万円,50億〜300億円,東証スタンダード,情報あり
https://baseconnect.in/companies/f74846f5-c582-4f6a-a310-3adecebc7c73,株式会社ティー・アイ・シー,〒343-0845埼玉県越谷市南越谷１丁目１６番１３号,1億円,10億〜50億円,未上場,情報あり
https://baseconnect.in/companies/9a73f2bb-efe4-4b58-b4c5-04f0e0f07e82,株式会社デジタル・ナレッジ,〒110-0005東京都台東区上野５丁目３番４号,4045万円,10億〜50億円,未上場,情報あり
https://baseconnect.in/companies/f29a9821-45e3-41a0-871a-8e6aacc512a2,水戸ソフトエンジニアリング株式会社,〒312-0062茨城県ひたちなか市高場４丁目１８番地３０,3000万円,10億〜50億円,未上場,情報あり
https://baseconnect.in/companies/cc4bfb14-98ab-48dc-8723-b6f308d6bc38,株式会社アイ・ユー・ケイ,〒113-0024東京都文京区西片１丁目１７番８号,1億円,50億〜300億円,未上場,情報あり
https://baseconnect.in/companies/b042a6a0-ed90-4fbe-8704-a5b874ab445e,十和田オーディオ株式会社,〒017-0201秋田県鹿角郡小坂町小坂字大稲坪９８番地,1000万円,,未上場,情報あり
https://baseconnect.in/companies/f4ecc2c5-6ef9-469d-beda-2b265e86d308,ＮＴＴセキュリティ・ジャパン株式会社,〒101-0021東京都千代田区外神田４丁目１４番１号,100万円,,未上場,
https://baseconnect.in/companies/9021c990-3ba1-4d68-97a3-afe9e1b103a6,エヌアイシー・ソフト株式会社,〒104-0044東京都中央区明石町８番１号,3000万円,10億〜50億円,未上場,情報あり
https://baseconnect.in/companies/625dc526-e8a4-4cec-aac8-df15829ba9ed,株式会社経営情報センター,〒550-0013大阪府大阪市西区新町１丁目２７番５号,2000万円,10億〜50億円,未上場,情報あり
https://baseconnect.in/companies/3a757048-ecc2-4c06-a47a-3df54ef2b6ab,コニカミノルタ情報システム株式会社,〒192-0032東京都八王子市石川町２９７０番地,1億円,50億〜300億円,未上場,情報あり
https://baseconnect.in/companies/dee05d41-1792-4a0a-8f05-78a0af495692,株式会社イノベーション,〒150-0002東京都渋谷区渋谷３丁目１０番１３号,12億1108万6000円,10億〜50億円,東証グロース,情報あり
https://baseconnect.in/companies/3c8519b2-8da3-427e-a15b-a5d5efd4be4c,ｅＢＡＳＥ株式会社,〒531-0072大阪府大阪市北区豊崎５丁目４番９号,1億9034万円,10億〜50億円,東証プライム,情報あり
https://baseconnect.in/companies/e0b98cac-4dde-46b5-82f2-00379d8fae24,ニューラルマーケティング株式会社,〒558-0047大阪府大阪市住吉区千躰２丁目２番２４号,5000万円,,未上場,情報あり
https://baseconnect.in/companies/9eb1f260-9d4d-4658-8eda-a7e346bea0a6,株式会社ＦＲＯＮＴＥＯ,〒108-0075東京都港区港南２丁目１２番２３号,30億4231万7000円,50億〜300億円,東証グロース,情報あり
https://baseconnect.in/companies/dd7f52ce-5058-45f2-a85d-fa40c8106bef,福井コンピュータ株式会社,〒910-0365福井県坂井市丸岡町磯部福庄第５号６番地,1000万円,,未上場,情報あり
https://baseconnect.in/companies/9d94bf6a-553b-4790-b656-89e773b87c59,三友株式会社,〒150-0041東京都渋谷区神南１丁目８番１３号,1億円,50億〜300億円,未上場,情報あり
https://baseconnect.in/companies/f72ffb30-980d-4ce1-a836-b67f8299d6d0,日本栄養食品株式会社,〒060-0062北海道札幌市中央区南二条西５丁目８番地,3000万円,50億〜300億円,未上場,情報あり
https://baseconnect.in/companies/c18d5613-7025-4bb1-9801-6998c6d36c0d,エム・アール・アイリサーチアソシエイツ株式会社,〒100-0014東京都千代田区永田町２丁目１０番３号,6000万円,10億〜50億円,未上場,
https://baseconnect.in/companies/fcd44365-5e9b-468d-94bc-9a8d500cb2e1,株式会社医療情報システム,〒541-0046大阪府大阪市中央区平野町１丁目４番８号,7889万円,10億〜50億円,未上場,情報あり
https://baseconnect.in/companies/416d3480-7bb3-43e9-8f6d-612c96d276d4,三美印刷株式会社,〒116-0013東京都荒川区西日暮里６丁目２８番１号,8000万円,10億〜50億円,未上場,情報あり
https://baseconnect.in/companies/6fc76815-54be-42fd-a65a-de051f7897d6,株式会社ベリーベスト,〒106-0032東京都港区六本木１丁目８番７号ＭＦＰＲ六本木麻布台ビル１１階,,,未上場,情報あり
https://baseconnect.in/companies/8e012b42-e371-4d64-8e57-064b0212c5e4,北銀ソフトウエア株式会社,〒930-0017富山県富山市東田地方町１丁目５番２５号,3000万円,3億〜10億円,未上場,情報あり
https://baseconnect.in/companies/fd3196c1-60b7-4f3e-aef3-2feccb332945,株式会社ＰＲ　ＴＩＭＥＳ,〒107-0052東京都港区赤坂１丁目１１番４４号,4億2271万7000円,50億〜300億円,東証プライム,情報あり
https://baseconnect.in/companies/0145c855-45c7-4a9a-a923-6aad5ec92646,八洲制御システム株式会社,〒739-1751広島県広島市安佐北区深川８丁目２番３７号,1億円,,未上場,情報あり
https://baseconnect.in/companies/8cc3662f-b59a-406a-aea1-0922089fcefd,株式会社ニシコン,〒802-0002福岡県北九州市小倉北区京町３丁目１３番１７号,,10億〜50億円,未上場,情報あり
https://baseconnect.in/companies/f1b2dc0f-2863-4b97-82d3-3c617abd60bf,株式会社ＮＳＰ‐Ｔｅｃｈ,〒153-0064東京都目黒区下目黒１丁目８－１ＡＲＣＯＴＯＷＥＲ６階,3000万円,,未上場,情報あり
https://baseconnect.in/companies/5ad7ac30-f07b-4b84-9885-7711a5aba8f8,株式会社Ｌｉｆｅ　Ｌａｂ,〒105-0001東京都港区虎ノ門４丁目１－２８,,,未上場,情報あり
https://baseconnect.in/companies/8ec67dd1-0f7b-4156-a602-13191cbd6c95,株式会社キュービック,〒169-0074東京都新宿区北新宿２丁目２１番１号新宿フロントタワー１６階,3100万円,,未上場,情報あり
https://baseconnect.in/companies/003bfe5c-a1ce-4f94-bb3f-57bf1a5fe2cd,ジェイズ・テクノロジー株式会社,〒104-0033東京都中央区新川１丁目１６番３号,1億円,,未上場,情報あり
https://baseconnect.in/companies/3cbd2cbb-c751-4784-8883-0ec4cae955cd,株式会社松本光春商店,〒760-0073香川県高松市栗林町１丁目１５番１８号,1000万円,50億〜300億円,未上場,情報あり
https://baseconnect.in/companies/0e622798-9b95-4577-bf9c-1922e354dad1,株式会社東京システム技研,〒160-0023東京都新宿区西新宿１丁目２１番,2億2500万円,,未上場,情報あり
https://baseconnect.in/companies/7e5e6968-ec54-4027-9c6c-4657d3d4abd4,株式会社光陽社,〒113-0034東京都文京区湯島２丁目１６番１６号,1億円,10億〜50億円,東証スタンダード,情報あり
https://baseconnect.in/companies/744c6238-56e2-4fed-89a0-5703d926bf41,デジタルテクノロジー株式会社,〒116-0014東京都荒川区東日暮里５丁目７番１８号,1億円,50億〜300億円,未上場,情報あり
https://baseconnect.in/companies/47c505ab-f069-48cf-a091-f465cc86b6de,株式会社キーワードジャパン,〒171-0021東京都豊島区西池袋３丁目１番１５号,3000万円,10億〜50億円,未上場,情報あり
https://baseconnect.in/companies/e04f9aec-d77f-4edd-abf2-9f41ecc1b9cf,ＣＲＥＳＳ　ＩＮＦＯ株式会社,〒101-0035東京都千代田区神田紺屋町１７番地,5000万円,10億〜50億円,未上場,情報あり
https://baseconnect.in/companies/421fabd4-38e5-4c85-8b5f-fd5913f6c60f,日販テクシード株式会社,〒101-0062東京都千代田区神田駿河台４丁目３番地,1億円,50億〜300億円,未上場,情報あり
https://baseconnect.in/companies/55e58612-c27c-4c59-a788-5db6555e1a89,株式会社モンスターラボジャパン,〒150-0012東京都渋谷区広尾１丁目１番３９号恵比寿プライムスクエアタワー４Ｆ,,50億〜300億円,未上場,情報あり
https://baseconnect.in/companies/ea8d3a20-8b7a-47f2-ad24-8bbab032cab5,株式会社ビヨンドワークス,〒150-0002東京都渋谷区渋谷３丁目１１番２号渋谷パインビル７階,,,未上場,
https://baseconnect.in/companies/c25e3f9d-b345-4063-b7b9-8e5f702fe65b,株式会社ジモティー,〒141-0031東京都品川区西五反田１丁目２番１０号,3億865万7000円,10億〜50億円,東証グロース,情報あり
https://baseconnect.in/companies/c4a4ca4e-f7af-459d-a3fb-8f4615424158,株式会社穴吹カレッジサービス,〒760-0022香川県高松市西内町５番１１号,1000万円,10億〜50億円,未上場,情報あり
https://baseconnect.in/companies/68c10200-66ef-46a1-84c5-a47179b4d56e,株式会社トラックオーコク,〒151-0073東京都渋谷区笹塚１丁目５５番７号マルエスファーストビル,5000万円,50億〜300億円,未上場,情報あり
https://baseconnect.in/companies/d94e8337-d27f-4330-8eb2-fafe1f8e020c,Ｎｕｔａｎｉｘ　Ｊａｐａｎ合同会社,〒100-0005東京都千代田区丸の内１丁目４番１号丸の内永楽ビルディング１５階,,,未上場,情報あり
https://baseconnect.in/companies/c9a14086-43e9-47b6-bf57-2b9d65473951,ユニバース情報システム株式会社,〒108-0073東京都港区三田１丁目４番２８号,4700万円,10億〜50億円,未上場,情報あり
https://baseconnect.in/companies/81bc4734-f0e8-4c05-9479-e2d7bd0d87fc,三谷コンピュータ株式会社,〒910-0347福井県坂井市丸岡町熊堂第３号７番地１－１３,1億1124万3000円,10億〜50億円,未上場,情報あり
https://baseconnect.in/companies/6b119dfd-2cd2-48dd-b642-acbda72c0e1c,株式会社近計システム,〒559-0031大阪府大阪市住之江区南港東８丁目２番６１号,8900万円,10億〜50億円,未上場,情報あり
https://baseconnect.in/companies/800e5ffd-e5a0-4ef0-a3de-f7e36a257864,株式会社大同ＩＴソリューションズ,〒461-0005愛知県名古屋市東区東桜１丁目１番１０号,4500万円,50億〜300億円,未上場,情報あり
https://baseconnect.in/companies/c423fed3-91da-414c-8a07-ee538d20df4d,株式会社シスコ,〒530-0004大阪府大阪市北区堂島浜１丁目４番１６号アクア堂島ＮＢＦタワー,4000万円,10億〜50億円,未上場,情報あり
https://baseconnect.in/companies/f037dddd-daef-414d-b66e-c4da152ea017,日本ナレッジスペース株式会社,〒105-0004東京都港区新橋６丁目２０番１号,1000万円,,未上場,情報あり
https://baseconnect.in/companies/93749bb2-3360-40fa-895c-51d980bcf8ac,株式会社ワイズ,〒101-0041東京都千代田区神田須田町１丁目９番地,5000万円,10億〜50億円,未上場,情報あり
https://baseconnect.in/companies/7348e7ff-7a88-45ac-9631-eaf6f6309619,株式会社エム・アンド・アイ,〒101-0047東京都千代田区内神田１丁目２番８号楠本第２ビル３階,3000万円,,未上場,情報あり
https://baseconnect.in/companies/0bd202e6-e4e8-422f-b449-5662a2aabf2e,ＴＤＳＥ株式会社,〒160-0023東京都新宿区西新宿３丁目２０番２号,8億3318万円,10億〜50億円,東証グロース,情報あり
https://baseconnect.in/companies/b8d26aa9-9684-449c-89ea-630e09a9b663,カシオヒューマンシステムズ株式会社,〒151-0071東京都渋谷区本町１丁目６番２号,3億1000万円,,未上場,情報あり
https://baseconnect.in/companies/06f9385f-e371-4599-b8cc-a1dc0f1f4610,サクシード株式会社,〒104-0033東京都中央区新川１丁目８番６号,5000万円,10億〜50億円,未上場,情報あり
https://baseconnect.in/companies/9688734b-fd54-47d1-8096-1e1fcc651ed6,株式会社ジェー・アイ・ピー,〒231-0015神奈川県横浜市中区尾上町３丁目３５番地,5000万円,,未上場,情報あり
https://baseconnect.in/companies/d7386a8c-b860-4f1a-b0d6-fa9de7e206d9,ＪＩＧ－ＳＡＷ株式会社,〒060-0808北海道札幌市北区北八条西３丁目３２番,3億5110万7000円,10億〜50億円,東証グロース,情報あり
https://baseconnect.in/companies/6605fd28-49c1-4aac-b8d5-db77fd73eb92,インパクトホールディングス株式会社,〒107-0052東京都港区赤坂１丁目１２番３２号,1億円,,未上場,情報あり
https://baseconnect.in/companies/e516a229-5818-44ca-a90c-c6fb2cbd755b,九州デジタルソリューションズ株式会社,〒860-0047熊本県熊本市西区春日１丁目１２番３号,2000万円,10億〜50億円,未上場,情報あり
https://baseconnect.in/companies/7f54ee32-a6aa-48c1-9571-8ea3d1ae89fe,株式会社ＦＦＲＩセキュリティ,〒100-0005東京都千代田区丸の内３丁目３番１号,2億8613万6500円,10億〜50億円,東証グロース,情報あり
https://baseconnect.in/companies/6d0026b9-8276-407d-aa8d-0f7c68e0ecec,ｐａｉｚａ株式会社,〒105-0001東京都港区虎ノ門２丁目３番１７号,3億9251万5000円,,未上場,情報あり
https://baseconnect.in/companies/5edbc711-727a-482c-9c40-5a91a3b07b33,ユアサ工機株式会社,〒701-0144岡山県岡山市北区久米６番地,9200万円,,未上場,情報あり
https://baseconnect.in/companies/592c06ed-c848-480d-a0f8-ea972a0bf078,株式会社コトブキソリューション,〒737-0046広島県呉市中通２丁目６番６号,6000万円,10億〜50億円,未上場,情報あり
https://baseconnect.in/companies/c4875bbc-d836-421f-9c47-0fec004a3f7b,株式会社ＳＫ２,〒107-0052東京都港区赤坂３丁目２１番１６号,4000万円,10億〜50億円,未上場,
https://baseconnect.in/companies/50e2459c-2fee-443c-845d-07acd3ceac9b,株式会社九州ＤＴＳ,〒812-0011福岡県福岡市博多区博多駅前２丁目１９番２４号,1億円,,未上場,情報あり
https://baseconnect.in/companies/f29bd272-70a7-4931-afbe-d1863c5f3420,株式会社ネオジャパン,〒220-0012神奈川県横浜市西区みなとみらい２丁目２番１号横浜ランドマークタワー１０階,2億9716万円,50億〜300億円,東証プライム,
https://baseconnect.in/companies/5345d3ba-8e67-4998-b9f1-b51610e2e929,セイコーグループ株式会社,〒104-0061東京都中央区銀座４丁目５番１１号,100億円,50億〜300億円,東証プライム,情報あり
https://baseconnect.in/companies/5d572d93-160e-4360-8ab0-340b3b2f636c,ＴＩＳ長野株式会社,〒390-0815長野県松本市深志１丁目２番１１号昭和ビル,1億円,10億〜50億円,未上場,情報あり
https://baseconnect.in/companies/376a4a8a-e1e3-4b00-8c65-48acb28381c6,株式会社コンピュータマインド,〒400-0064山梨県甲府市下飯田１丁目１０番８号,2015万円,10億〜50億円,未上場,情報あり
https://baseconnect.in/companies/adda5723-4344-40bc-bbf0-c7c8dca521b9,トレジャーデータ株式会社,〒100-0011東京都千代田区内幸町２丁目１番６号日比谷パークフロント１９階,,,未上場,情報あり
https://baseconnect.in/companies/72a3d05e-f653-446c-a91a-af051f6c0b33,株式会社東映エージエンシー,〒104-0033東京都中央区新川１丁目１８番１１号,3000万円,,未上場,情報あり
https://baseconnect.in/companies/5d47492f-bc8b-4b65-a049-271e1bd30fbe,株式会社ｒｏｂｏｔ　ｈｏｍｅ,〒104-0061東京都中央区銀座６丁目１０番１号,74億7000万円,50億〜300億円,東証スタンダード,情報あり
https://baseconnect.in/companies/7f349f47-6678-46eb-9554-f275aa969d3c,ＡＮＥＯＳ株式会社,〒152-0001東京都目黒区中央町１丁目５番１２号,1000万円,10億〜50億円,未上場,情報あり
https://baseconnect.in/companies/d5846b36-a9a9-4e88-8b3b-4086e5689705,名村情報システム株式会社,〒848-0027佐賀県伊万里市立花町３４４８番地８,5000万円,10億〜50億円,未上場,情報あり
https://baseconnect.in/companies/69b0a7b9-9162-4664-8a53-a680a97f38ab,株式会社楽久屋,〒105-0013東京都港区浜松町１丁目１０番１１号,4664万8000円,,未上場,情報あり
https://baseconnect.in/companies/8468366c-e07f-46da-a939-2ad76eecdd65,株式会社テクノツリー,〒674-0074兵庫県明石市魚住町清水５３４番地の７,5000万円,10億〜50億円,未上場,情報あり
https://baseconnect.in/companies/2b3824f2-d9f5-4f4a-8ef7-02c827bf21ab,メドピア株式会社,〒104-0045東京都中央区築地１丁目１３番１号,22億4462万4000円,10億〜50億円,東証プライム,情報あり
https://baseconnect.in/companies/ea368281-451f-4788-8041-00a17a9cfcc6,株式会社北海道ジェイ・アール・システム開発,〒060-0906北海道札幌市東区北六条東４丁目１番地４,1億円,10億〜50億円,未上場,情報あり
https://baseconnect.in/companies/5accc0f3-15a1-44c1-8b49-ea946390cf86,ジョルダン株式会社,〒160-0022東京都新宿区新宿２丁目５番１０号,2億7737万5000円,10億〜50億円,東証スタンダード,情報あり
https://baseconnect.in/companies/afacd8d5-e43b-41eb-a7ac-bf5d48b1fc28,ＮＴＴテクノクロスサービス株式会社,〒222-0001神奈川県横浜市港北区樽町２丁目１番６号,1億円,10億〜50億円,未上場,情報あり
https://baseconnect.in/companies/10b279c8-904b-49a9-b421-f7d469ede044,西鉄情報システム株式会社,〒812-0044福岡県福岡市博多区千代４丁目１番３３号,1億円,,未上場,情報あり
https://baseconnect.in/companies/aa8fb466-762b-45a1-ae65-939476fdad2e,株式会社クオンテックス,〒530-0001大阪府大阪市北区梅田１丁目３番１号大阪駅前第１ビル１１階,5000万円,,未上場,情報あり
https://baseconnect.in/companies/c6472a30-a8cd-4f51-8778-98321d0d55d0,株式会社エム・ケイ・ソフトサービス,〒160-0022東京都新宿区新宿１丁目８番５号,4800万円,10億〜50億円,未上場,情報あり
https://baseconnect.in/companies/a6b7ad07-fa51-4d61-b9da-2f3690fe27f0,クオリティソフト株式会社,〒649-2333和歌山県西牟婁郡白浜町中１７０１番３,1億1203万5000円,,未上場,情報あり
https://baseconnect.in/companies/8578fd88-91ce-49e3-af21-365d64d9bd1d,シーアンドエス株式会社,〒450-0002愛知県名古屋市中村区名駅１丁目１番１号,3000万円,,未上場,情報あり
https://baseconnect.in/companies/535e6cec-18bb-4636-987e-1154d75452e3,発紘電機株式会社,〒924-0035石川県白山市上柏野町２３８番地,6220万円,50億〜300億円,未上場,情報あり
https://baseconnect.in/companies/8928709c-bf4a-4546-8ad0-ae1d106b00f1,株式会社神戸デジタル・ラボ,〒650-0034兵庫県神戸市中央区京町７２番地,5000万円,10億〜50億円,未上場,情報あり
https://baseconnect.in/companies/bbf285f7-1811-4da4-8313-427324f70839,株式会社電翔,〒420-0837静岡県静岡市葵区日出町２番地の１,7000万円,10億〜50億円,未上場,情報あり
https://baseconnect.in/companies/eaa20abb-9c34-49ae-932d-ceb69ca5abbd,株式会社レアゾン・ホールディングス,〒160-0022東京都新宿区新宿１丁目２４番７号ルネ御苑プラザ１１２０,,,未上場,
https://baseconnect.in/companies/567a62c9-f1d4-4894-80b9-ae43748b2313,イーストライズ株式会社,〒020-0022岩手県盛岡市大通３丁目２番８号,1億円,,未上場,情報あり
https://baseconnect.in/companies/68c5f1c4-4379-400b-81a3-59c17da19709,株式会社呉電子計算センター,〒737-0045広島県呉市本通２丁目４番１号,2100万円,10億〜50億円,未上場,情報あり
https://baseconnect.in/companies/25031d40-ea3f-45ed-b63a-a9788982fdaa,株式会社ウィズ・ワン,〒104-0045東京都中央区築地３丁目１７番９号,3000万円,10億〜50億円,未上場,情報あり
https://baseconnect.in/companies/390c4aef-0753-4d25-8981-6a540049a8b7,株式会社アクシオ,〒141-0031東京都品川区西五反田２丁目１２番１９号,3億1000万円,10億〜50億円,未上場,
https://baseconnect.in/companies/8d568865-9f88-405d-8071-1562372264a8,ｎｏｔｅ株式会社,〒102-0083東京都千代田区麹町６丁目６番２号,,10億〜50億円,東証グロース,情報あり
https://baseconnect.in/companies/5de86f86-8693-4018-b207-b9c6db331b85,株式会社フェニシス,〒103-0004東京都中央区東日本橋３丁目４番１３号,1000万円,,未上場,
https://baseconnect.in/companies/32ead2e2-ac5d-4323-89d9-bb549c597b7b,株式会社エンジニアのミカタ,〒193-0944東京都八王子市館町５３７－２５,5465万円,,未上場,情報あり
https://baseconnect.in/companies/f5069744-cc6d-4be3-8822-61437a865031,株式会社飯田設計,〒451-0052愛知県名古屋市西区栄生１丁目１２番１号,3000万円,10億〜50億円,未上場,情報あり
https://baseconnect.in/companies/727df026-de97-4958-8ab1-7b55fef6541c,株式会社エプコットソフトウェア,〒171-0021東京都豊島区西池袋３丁目２２番１４号国土西池ビル５Ｆ,,,未上場,情報あり
https://baseconnect.in/companies/c6bf20e6-34a1-4dea-b2dc-9a29a29770e3,株式会社ＧＡＧＡ,〒460-0003愛知県名古屋市中区錦１丁目１０番２０号,5000万円,,未上場,情報あり
https://baseconnect.in/companies/7e5a319b-592d-4a73-8343-5ed56a3c37cc,株式会社ＮＤＲ,〒150-0021東京都渋谷区恵比寿西１丁目１８番３号,1000万円,10億〜50億円,未上場,情報あり
https://baseconnect.in/companies/ae68c0a2-86bb-4c37-aa40-8e65253e1849,株式会社フォーイット,〒150-0044東京都渋谷区円山町３番６号,1000万円,50億〜300億円,未上場,情報あり
https://baseconnect.in/companies/30d64f01-d856-4b2f-8cb8-cbb9e3a0dc64,ゾエティス・ジャパン株式会社,〒151-0053東京都渋谷区代々木３丁目２２番７号,1000万円,50億〜300億円,未上場,情報あり
https://baseconnect.in/companies/85922378-247d-47a5-ad98-270512c2cc60,アイサンテクノロジー株式会社,〒460-0003愛知県名古屋市中区錦３丁目７番１４号ＡＴビル,19億2251万円,50億〜300億円,東証スタンダード,情報あり
https://baseconnect.in/companies/cc52ca35-3e25-4721-9f3b-be4f5d663d8b,株式会社ジェイテックアドバンストテクノロジ,〒104-0031東京都中央区京橋１丁目１０番７号ＫＰＰ八重洲ビル,5000万円,,未上場,情報あり
https://baseconnect.in/companies/da81ba46-c079-445c-82ee-c58027d81a58,株式会社デリバリーコンサルティング,〒107-0052東京都港区赤坂９丁目７番１号ミッドタウン・タワー,1億5084万7000円,10億〜50億円,東証グロース,情報あり
https://baseconnect.in/companies/ab62c1b3-6540-43e2-8cef-227ef07f0446,株式会社ヴァル研究所,〒166-0002東京都杉並区高円寺北２丁目３番１７号,4100万円,,未上場,情報あり
https://baseconnect.in/companies/f22105f3-f50e-4d5a-8fb4-1b3536ad103f,コムウェア株式会社,〒160-0023東京都新宿区西新宿７丁目５番２５号,1億円,,未上場,情報あり
https://baseconnect.in/companies/2a35cc7a-47e9-42fe-bfe4-c083760ad6df,株式会社ケーオウエイ,〒683-0853鳥取県米子市両三柳３２８番地,1億円,10億〜50億円,未上場,情報あり
https://baseconnect.in/companies/6443cd8b-2a0e-4776-b43b-7f86a77526dc,株式会社サントラスト,〒101-0052東京都千代田区神田小川町１丁目１１番地,6000万円,,未上場,情報あり
https://baseconnect.in/companies/999df12f-d766-4cfb-8885-90517ab8acb6,シャープＩＰインフィニティ株式会社,〒590-0908大阪府堺市堺区匠町１番地,9990万円,,未上場,情報あり
https://baseconnect.in/companies/408f1bd7-d917-47ee-bcca-da637eb98313,株式会社アセンド,〒160-0023東京都新宿区西新宿１丁目２１番１号,8699万140円,,未上場,情報あり
https://baseconnect.in/companies/c824f2eb-05f5-48a8-8a15-0060cb233761,アイアンドエルソフトウェア株式会社,〒160-0023東京都新宿区西新宿７丁目２０番１号,4000万円,10億〜50億円,未上場,情報あり
https://baseconnect.in/companies/c11fdd34-9f7e-4942-b8e9-13dc0ba72a7c,株式会社アイ・シー・エス,〒516-0005三重県伊勢市竹ケ鼻町１００番地,3200万円,10億〜50億円,未上場,情報あり
https://baseconnect.in/companies/edfb20b6-2aca-436d-a79f-b8221a9a8595,株式会社Ｅｄｅｙａｎｓ,〒541-0048大阪府大阪市中央区瓦町１丁目３－２ヒガシビル３０２号,,,未上場,情報あり
https://baseconnect.in/companies/ff032ad4-af72-45f1-9866-9a2187a74250,株式会社エルスタッフ,〒170-0005東京都豊島区南大塚３丁目３２番９号,,,未上場,情報あり
https://baseconnect.in/companies/a7d8360f-ec4b-4cde-94d3-6e24a7ff91cf,株式会社国際システム,〒900-0034沖縄県那覇市東町４番１号,4000万円,10億〜50億円,未上場,情報あり
https://baseconnect.in/companies/c9fb5646-51cf-435f-be2a-661f2b144004,株式会社ＹＮＰ,〒101-0041東京都千代田区神田須田町２丁目７－３ＶＯＲＴ秋葉原ＢＬＤ．９階,,,未上場,
https://baseconnect.in/companies/ee1dbca9-b6c5-43a9-929e-4aec4d8e6f7b,株式会社金星,〒102-0081東京都千代田区四番町４番地８,1000万円,10億〜50億円,未上場,情報あり
https://baseconnect.in/companies/0eb821ac-c88f-4a5d-ab8c-78edd097308f,株式会社ＹＣＣ情報システム,〒990-0023山形県山形市松波４丁目５番１２号,6000万円,10億〜50億円,未上場,情報あり
https://baseconnect.in/companies/7339c14d-9562-4980-954d-16323a207c06,コグニビジョン株式会社,〒160-0023東京都新宿区西新宿６丁目８番１号,3億円,10億〜50億円,未上場,情報あり
https://baseconnect.in/companies/73c0b765-b8a5-47ea-8a38-3db93a141331,株式会社日立フーズ＆ロジスティクスシステムズ,〒104-0045東京都中央区築地６丁目１９番２０号,3億円,50億〜300億円,未上場,情報あり
https://baseconnect.in/companies/433c01b7-a1f1-4b28-ae80-762681139292,ジーピーエム株式会社,〒670-0993兵庫県姫路市千代田町７３１番地の１,3000万円,50億〜300億円,未上場,情報あり
https://baseconnect.in/companies/9fcaec85-6e30-4ba8-bfa1-ff42fc65d85c,株式会社無限,〒160-0023東京都新宿区西新宿２丁目７番１号,3040万円,10億〜50億円,未上場,情報あり
https://baseconnect.in/companies/ff6ccd37-8b1e-473e-8e9c-90f2bfef8447,ＮＣＤテクノロジー株式会社,〒141-0031東京都品川区西五反田４丁目３２番１号,4000万円,10億〜50億円,未上場,情報あり
https://baseconnect.in/companies/5f21478c-25b6-463c-892c-5669ae366d2c,株式会社クラスアクト,〒104-0033東京都中央区新川２丁目９番９号,5000万円,,未上場,情報あり
https://baseconnect.in/companies/3ccb8770-bd26-43bf-b0fb-0693f8ab4d01,株式会社サイバー・バズ,〒150-0031東京都渋谷区桜丘町１２番１０号,4億8462万円,50億〜300億円,東証グロース,情報あり
https://baseconnect.in/companies/7c6ebec0-2188-46a3-8110-8cf7123480c8,株式会社エーアイネット・テクノロジ,〒220-0011神奈川県横浜市西区高島２丁目６番３２号,5000万円,10億〜50億円,未上場,情報あり
https://baseconnect.in/companies/bf8816b0-fac0-4dcd-bf9e-01159773c97c,ＮＴＴコムオンライン・マーケティング・ソリューション株式会社,〒141-0032東京都品川区大崎１丁目５番１号,3億円,50億〜300億円,未上場,情報あり
https://baseconnect.in/companies/735833a7-4e1b-4b6a-a5bf-2078e7a09fcf,Ｒａｐｙｕｔａ　Ｒｏｂｏｔｉｃｓ株式会社,〒135-0023東京都江東区平野４丁目１０番５号,,,未上場,情報あり
https://baseconnect.in/companies/a9eb0bea-dede-4450-bf7b-b12bb754194c,日本ハムシステムソリューションズ株式会社,〒530-0001大阪府大阪市北区梅田２丁目４番９号,1000万円,50億〜300億円,未上場,
https://baseconnect.in/companies/7bf56cde-946c-4e6e-b0f6-b9e657ef5806,株式会社オーガランド,〒899-4341鹿児島県霧島市国分野口東１２９４番１,1000万円,,未上場,情報あり
https://baseconnect.in/companies/f4eb664c-1906-45e6-a59f-b0be7ff7a5d3,株式会社ＮＹＫＢｕｓｉｎｅｓｓＳｙｓｔｅｍｓ,〒104-0033東京都中央区新川１丁目１７番２１号,9900万円,50億〜300億円,未上場,情報あり
https://baseconnect.in/companies/ffcc7bd2-cce8-4e1a-99d9-dd0defb31c14,株式会社博報堂コネクト,〒135-0061東京都江東区豊洲５丁目６番１５号,5000万円,,未上場,情報あり
https://baseconnect.in/companies/b67d7479-5f4a-4935-b770-589e64261673,株式会社ライトワークス,〒102-0083東京都千代田区麹町５丁目３番３号,1億4254万2800円,10億〜50億円,東証グロース,情報あり
https://baseconnect.in/companies/62b1c88c-68c0-402f-bc86-de1076544de4,ＦＲＴ株式会社,〒901-2131沖縄県浦添市牧港５丁目２番１号,4億5000万円,,未上場,情報あり
https://baseconnect.in/companies/186ee217-acd0-4b5b-9268-813981bf2cfc,株式会社ＫＤＤＩウェブコミュニケーションズ,〒107-0062東京都港区南青山２丁目２６番１号,6500万円,,未上場,情報あり
https://baseconnect.in/companies/df27e443-b34f-4253-a36a-840992df36bf,株式会社広島情報シンフォニー,〒732-0068広島県広島市東区牛田新町２丁目２番１号,1億円,10億〜50億円,未上場,情報あり
https://baseconnect.in/companies/797e03da-bf40-4d17-b283-ddea87e2241e,株式会社鉄人化ホールディングス,〒152-0003東京都目黒区碑文谷５丁目１５番１号,5000万円,10億〜50億円,東証スタンダード,情報あり
https://baseconnect.in/companies/ba319524-b7ad-4307-86f8-4d73d81b13b0,株式会社クリエーション・ビュー,〒160-0022東京都新宿区新宿４丁目３番２５号,3000万円,10億〜50億円,未上場,情報あり
https://baseconnect.in/companies/73f3a07f-2672-4687-9ccb-d72dd062f266,株式会社ＫＯＭＰＥＩＴＯ,〒141-0031東京都品川区西五反田２丁目２８番５号,14億5660万788円,,未上場,情報あり
https://baseconnect.in/companies/4c5901d0-fef8-4d9e-8198-d2f0776ef53f,株式会社ディーソルＨＰＩ,〒853-0011長崎県五島市下大津町７１２番地２６,1000万円,,未上場,情報あり
https://baseconnect.in/companies/f6e45617-2189-4f69-ab9f-83d6681f0980,シグマ紙業株式会社,〒555-0012大阪府大阪市西淀川区御幣島５丁目１２番２４号,,,未上場,情報あり
https://baseconnect.in/companies/187b880b-2eeb-4dd6-ac55-c91350041cd2,株式会社システムエイド,〒020-0011岩手県盛岡市三ツ割４丁目２番８号,1000万円,,未上場,情報あり
https://baseconnect.in/companies/db7371f9-adcc-4edd-8963-aa3199b86f1d,サイネット株式会社,〒510-0084三重県四日市市栄町１番１１号,,,未上場,情報あり
https://baseconnect.in/companies/038a6412-ec77-4d32-aab9-2472a3302d01,Ｄａｔａｄｏｇ　Ｊａｐａｎ合同会社,〒100-0005東京都千代田区丸の内２丁目７番２号ＪＰタワー,,,未上場,情報あり
https://baseconnect.in/companies/23c4031e-94db-4725-b78f-2669be253fe6,株式会社都築ソフトウェア,〒142-0061東京都品川区小山台１丁目２０番２０号,1億5200万円,10億〜50億円,未上場,情報あり
https://baseconnect.in/companies/9c6b7c24-a07f-4f1b-bf34-ae89805c0f52,株式会社ＹＥ　ＤＩＧＩＴＡＬ　Ｋｙｕｓｈｕ,〒802-0001福岡県北九州市小倉北区浅野３丁目８番１号,2000万円,10億〜50億円,未上場,情報あり
https://baseconnect.in/companies/78d7982e-5777-4261-8f68-e7b86dd49d55,株式会社法学館,〒150-0031東京都渋谷区桜丘町１７番６号,4000万円,,未上場,情報あり
https://baseconnect.in/companies/7bd5c0c9-a06c-4044-b553-038ed850869a,セキアオイテクノ株式会社,〒192-0904東京都八王子市子安町４丁目１０番１５号,1億円,,未上場,情報あり
https://baseconnect.in/companies/5333df0f-f926-4e7c-ba06-e9e4b8b35300,ケーアイディー株式会社,〒160-0023東京都新宿区西新宿６丁目１４番１号,5000万円,,未上場,情報あり
https://baseconnect.in/companies/43d1d067-3186-42a5-8ca3-823192c25c9f,株式会社ケイケンシステム,〒380-0823長野県長野市南千歳１丁目１７番地４,9900万円,,未上場,情報あり
https://baseconnect.in/companies/fd44084a-ef6c-467f-8301-1ca8950ec0c6,株式会社鳥取県情報センター,〒680-0053鳥取県鳥取市寺町５０番地,8000万円,10億〜50億円,未上場,情報あり
https://baseconnect.in/companies/5bea351f-2f00-4c19-bc83-18af72b4c9a7,ＥＮＥＯＳシステムズ株式会社,〒231-0062神奈川県横浜市中区桜木町１丁目１番地８,1億円,50億〜300億円,未上場,情報あり
https://baseconnect.in/companies/086609a6-eade-4246-aae6-52eec5b95f7c,サクサシステムエンジニアリング株式会社,〒039-2245青森県八戸市北インター工業団地１丁目３番５４号,1億円,10億〜50億円,未上場,情報あり
https://baseconnect.in/companies/e5863e2b-4236-4681-a45f-ddaa5f202e07,ＮＤＳデータソリューションズ株式会社,〒812-0032福岡県福岡市博多区石城町１番１号,1750万円,,未上場,情報あり
https://baseconnect.in/companies/057f0a0d-4eb7-410b-90ea-43a038adcff2,株式会社Ｋ＆Ｇ,〒110-0005東京都台東区上野１丁目１０番１０号,8000万円,10億〜50億円,未上場,情報あり
https://baseconnect.in/companies/ad17e340-df48-4547-85fe-db465a3133ed,ＡＧＳビジネスコンピューター株式会社,〒330-0835埼玉県さいたま市大宮区北袋町１丁目２９９番地１２,3000万円,,未上場,情報あり
https://baseconnect.in/companies/ce6b86e2-63b0-42c1-b971-3ea62c64eb69,リスクモンスター株式会社,〒103-0027東京都中央区日本橋２丁目１６番５号,11億8816万8391円,10億〜50億円,東証スタンダード,情報あり
https://baseconnect.in/companies/e1a8b4b6-e8cf-480d-b9cc-7c39645db7ec,メタテック株式会社,〒220-0004神奈川県横浜市西区北幸１丁目１１－１５,2000万円,,未上場,
https://baseconnect.in/companies/e19f0ccf-d74b-46ec-96b4-d6f49547e12e,ＦｏｒｅＶｉｓｉｏｎ株式会社,〒104-0045東京都中央区築地５丁目６番１０号,8000万円,,未上場,情報あり
https://baseconnect.in/companies/6dc4e83b-3049-4c2d-b49f-1cda3a3086c5,株式会社Ｔｒｉｐ．ｃｏｍ　Ｉｎｔｅｒｎａｔｉｏｎａｌ　Ｔｒａｖｅｌ　Ｊａｐａｎ,〒100-0004東京都千代田区大手町２丁目６番４号ＴＯＫＹＯＴＯＲＣＨ常盤橋タワー２４Ｆ,6000万円,,未上場,
https://baseconnect.in/companies/2416ebc7-d274-4de3-a150-495cc684fb16,株式会社水道アセットサービス,〒105-0023東京都港区芝浦１丁目１番１号,1億円,10億〜50億円,未上場,情報あり
https://baseconnect.in/companies/d003508b-35d7-405a-b399-c74c3b2b725c,大宇宙ジャパン株式会社,〒141-0031東京都品川区西五反田２丁目２８番５号,9000万円,,未上場,情報あり
https://baseconnect.in/companies/81abdbcc-568e-4e4e-8c34-166cae4a98e7,株式会社アイティシステム,〒111-0041東京都台東区元浅草４丁目１０番６号,3000万円,10億〜50億円,未上場,情報あり
https://baseconnect.in/companies/df55f6ce-52da-493b-8686-a1b0c0725a18,吉田運輸倉庫株式会社,〒370-2206群馬県甘楽郡甘楽町大字善慶寺５５０番地１,1000万円,,未上場,情報あり
https://baseconnect.in/companies/b39fa53b-fa11-4368-9a8a-51d6f2997b66,株式会社Ｎｅｗデイシス,〒420-0857静岡県静岡市葵区御幸町４番１号,1000万円,10億〜50億円,未上場,情報あり
https://baseconnect.in/companies/253a90e3-f244-4c65-8c80-1749d37e7bf1,株式会社トレンドアート,〒461-0001愛知県名古屋市東区泉１丁目１２番３５号,1000万円,10億〜50億円,未上場,情報あり
https://baseconnect.in/companies/77c53899-088d-40a7-ac53-3bd59b6519f7,朝日システム株式会社,〒960-8154福島県福島市伏拝字台田１番地の２,1000万円,10億〜50億円,未上場,情報あり
https://baseconnect.in/companies/0cbf6383-0549-4a8e-9dd4-a337dd677649,株式会社イクス,〒140-0002東京都品川区東品川４丁目１２番４号品川シーサイドパークタワー２３階,4億2433万円,10億〜50億円,未上場,
https://baseconnect.in/companies/ea670a99-44ad-4caa-bc18-03e981157e41,株式会社西日本システムサービス,〒703-8221岡山県岡山市中区長岡１０１番地２８,3600万円,10億〜50億円,未上場,情報あり
https://baseconnect.in/companies/9d88cffb-47f7-47bb-a6aa-366d3df9e524,株式会社アールビーズ,〒150-0001東京都渋谷区神宮前２丁目４番１２号,1億円,,未上場,
https://baseconnect.in/companies/87f8b0db-f993-472d-9446-f4bd61dbb8e5,株式会社シー・エス・エス,〒141-0031東京都品川区西五反田２丁目１２番３号,1億円,10億〜50億円,未上場,情報あり
https://baseconnect.in/companies/673feacc-3e26-490e-bee8-4eee851ebdc6,株式会社ライテック,〒162-0826東京都新宿区市谷船河原町１１番地,7005万円,,未上場,情報あり
https://baseconnect.in/companies/0669bc57-06fc-4fc8-bfbc-a25aa30033f3,ＳＭＮ株式会社,〒141-0032東京都品川区大崎２丁目１１番１号,12億6806万円,50億〜300億円,東証スタンダード,情報あり
https://baseconnect.in/companies/6ed780a3-95c7-43e5-8dce-693395a2b388,日経メディアマーケティング株式会社,〒100-0004東京都千代田区大手町１丁目３番７号,1億円,50億〜300億円,未上場,情報あり
https://baseconnect.in/companies/9857ac4e-991c-4d6e-97be-76eb1a4dbb63,マークラインズ株式会社,〒100-0014東京都千代田区永田町２丁目１１番１号,3億7135万1840円,50億〜300億円,東証プライム,情報あり
https://baseconnect.in/companies/b0bc009d-23c5-4320-80b5-97f6af95148d,株式会社アクターリアリティー,〒534-0024大阪府大阪市都島区東野田町４丁目７番２３号,3000万円,,未上場,情報あり
https://baseconnect.in/companies/a699e45d-3309-4b2f-8a84-e70ba3fb4a79,株式会社ユアブレインズ,〒530-0022大阪府大阪市北区浪花町１３番３８号千代田ビル北館,2000万円,,未上場,情報あり
https://baseconnect.in/companies/6744a607-1f63-4722-9f30-177c85c11a85,株式会社ＴＨＩＲＤ,〒160-0004東京都新宿区四谷４丁目２５－１３濱庄ビル２階,30億7000万円,,未上場,情報あり
https://baseconnect.in/companies/f64fed21-c3f2-4c4b-a917-35aed20cde10,株式会社トータルオーエーシステムズ,〒160-0023東京都新宿区西新宿２丁目３番１号,3000万円,,未上場,情報あり
https://baseconnect.in/companies/07aea741-1168-465e-9f1c-bbefa4ac9263,データスタジアム株式会社,〒102-0075東京都千代田区三番町８番地１,,,未上場,情報あり
https://baseconnect.in/companies/067dbbe2-4436-42e7-ba7d-ec6d88052727,株式会社ドリームス,〒140-0013東京都品川区南大井６丁目２２番７号,5000万円,,未上場,情報あり
https://baseconnect.in/companies/a1d298a1-e26c-4ffb-b7a8-34f55829f900,株式会社ほぼ日,〒101-0054東京都千代田区神田錦町３丁目１８番地ほぼ日神田ビル,3億5000万円,50億〜300億円,東証スタンダード,情報あり
https://baseconnect.in/companies/b0397e6d-b2c1-4859-9dd3-0b4ca889cdae,株式会社カミナシ,〒101-0045東京都千代田区神田鍛冶町３丁目７番地神田カドウチビル３階,1億円,,未上場,情報あり
https://baseconnect.in/companies/da55ee1f-4b1d-4a92-a094-66134420d28b,實教出版株式会社,〒102-0076東京都千代田区五番町５番地１,5400万円,50億〜300億円,未上場,情報あり
https://baseconnect.in/companies/5e85a22c-e8df-4d2e-a94a-44a9f837e4e0,株式会社ビービット,〒100-0004東京都千代田区大手町２丁目２番１号新大手町ビル１０階,3200万円,10億〜50億円,未上場,情報あり
https://baseconnect.in/companies/08171d0c-f161-4c9b-bf41-fafd4c005e4b,株式会社Ａ・Ｒ・Ｐ,〒259-1305神奈川県秦野市堀川１６６番地の１,2000万円,10億〜50億円,未上場,情報あり
https://baseconnect.in/companies/f283b579-67c5-4d90-9dab-1778810aad40,沖縄ＪＴＢ株式会社,〒900-0029沖縄県那覇市旭町１１２番地１,1億円,,未上場,情報あり
https://baseconnect.in/companies/2097b20f-e667-418a-878a-511463b3983b,株式会社スリーシェイク,〒160-0015東京都新宿区大京町２２番地１,2億5450万円,,未上場,
https://baseconnect.in/companies/f06b3030-c1ce-4a4b-8bdd-903a42e88f7f,株式会社アプリケーションプランニング,〒141-0032東京都品川区大崎１丁目６番４号新大崎勧業ビルディング,5000万円,10億〜50億円,未上場,情報あり
https://baseconnect.in/companies/a70cea40-a94c-4295-bf88-7d0ead37201d,株式会社シグマソリューションズ,〒010-0061秋田県秋田市卸町３丁目４番１号,1000万円,10億〜50億円,未上場,情報あり
https://baseconnect.in/companies/db69f117-81f5-4229-869f-b412bea13ec8,株式会社アイシンク,〒105-0004東京都港区新橋４丁目１９番６号,5000万円,10億〜50億円,未上場,情報あり
https://baseconnect.in/companies/200655b6-5ceb-43bd-a99e-862efd11b84b,川田テクノシステム株式会社,〒101-0041東京都千代田区神田須田町１丁目２５番,3億9900万円,50億〜300億円,未上場,情報あり
https://baseconnect.in/companies/8d41fe4c-7882-43df-8400-2c398dcf8181,株式会社パワーエックス,〒107-0052東京都港区赤坂９丁目７番１号ミッドタウン・タワー４３階,194億9400万円,,未上場,情報あり
https://baseconnect.in/companies/6c769991-ab51-47ea-a02f-88ba19f4db3b,株式会社スカイテック,〒101-0021東京都千代田区外神田５丁目１番２号末広ビル５階,6000万円,,未上場,情報あり
https://baseconnect.in/companies/05057b60-28f4-434f-88f3-d9e56f5866fd,株式会社カナミックネットワーク,〒150-0013東京都渋谷区恵比寿４丁目２０番３号,3億2412万円,10億〜50億円,東証プライム,情報あり
https://baseconnect.in/companies/a90f033c-61a0-4dfd-934f-ffc52c54958e,岡三ビジネス＆テクノロジー株式会社,〒103-0022東京都中央区日本橋室町２丁目２番１号,4億7000万円,50億〜300億円,未上場,情報あり
https://baseconnect.in/companies/f4c0db96-cfeb-4d54-a9dd-5c0d25d42733,ＲＥＡＤＹＦＯＲ株式会社,〒102-0082東京都千代田区一番町８住友不動産一番町ビル７階,1億円,,未上場,情報あり
https://baseconnect.in/companies/c759a714-45d1-4f77-9c83-2aed9e04a057,ＡＺＡＰＡエンジニアリング株式会社,〒460-0002愛知県名古屋市中区丸の内１丁目９番１６号,3000万円,10億〜50億円,未上場,情報あり
https://baseconnect.in/companies/fae8dc71-0837-49a3-b9d3-e43d490094fd,株式会社教映社,〒535-0002大阪府大阪市旭区大宮４丁目１５番６号,5970万円,10億〜50億円,未上場,情報あり
https://baseconnect.in/companies/e7cc2362-cc9c-4b10-839b-1be610eeaa90,株式会社ＩＣＳパートナーズ,〒530-0011大阪府大阪市北区大深町３番１号,9550万円,10億〜50億円,未上場,情報あり
https://baseconnect.in/companies/21b5f521-d11e-4a81-b9d5-1b16e90b62fa,株式会社グッド・フィール,〒141-0032東京都品川区大崎１丁目６番３号大崎ニュー・シティ３号館,1400万円,,未上場,情報あり
https://baseconnect.in/companies/182fdf2f-1159-4e7e-9722-f5c7bb14c902,クレスコ・イー・ソリューション株式会社,〒100-0005東京都千代田区丸の内１丁目７番１２号サピアタワー１５階,2億円,10億〜50億円,未上場,情報あり
https://baseconnect.in/companies/e2e82297-3ad6-43d7-8771-1d68cea3cd21,株式会社ＣＲＩ・ミドルウェア,〒150-0031東京都渋谷区桜丘町２０番１号,7億8400万円,10億〜50億円,東証グロース,情報あり
https://baseconnect.in/companies/941e1408-54f8-41a9-b63e-b3f352d6beb1,株式会社アルファポリス,〒150-0013東京都渋谷区恵比寿４丁目２０番３号恵比寿ガーデンプレイスタワー１９Ｆ,8億6382万4400円,50億〜300億円,東証グロース,情報あり
https://baseconnect.in/companies/c01692ef-c232-48ac-b749-7a5b19192067,株式会社ＢｉｔＳｔａｒ,〒150-0002東京都渋谷区渋谷２丁目２２番３号,10億2938万9906円,,未上場,情報あり
https://baseconnect.in/companies/7a073194-5bae-44cb-a258-5524fd426944,東京ソフトウェア株式会社,〒160-0023東京都新宿区西新宿２丁目１番１号新宿三井ビル３７階,4000万円,10億〜50億円,未上場,情報あり
https://baseconnect.in/companies/9d39cc90-a8e6-4111-81bd-a9a04e4cb23a,株式会社シエルシステム,〒390-0811長野県松本市中央１丁目１５番７号,2980万円,10億〜50億円,未上場,情報あり
https://baseconnect.in/companies/dd647011-50d7-4f92-af00-3eb0967da844,株式会社コンサルティング・エムアンドエス,〒102-0073東京都千代田区九段北１丁目１５番１４号,1000万円,3億〜10億円,未上場,情報あり
https://baseconnect.in/companies/d91c6b88-4243-47de-abee-0111b9f81a44,株式会社ライフデザイン,〒901-2213沖縄県宜野湾市志真志３丁目９－１０－２Ｆオアシス若葉,,,未上場,情報あり
https://baseconnect.in/companies/411b2148-d808-4e3f-8fe6-652b2ac2c60d,株式会社テクノウェア,〒247-0065神奈川県鎌倉市上町屋３２５番地,3000万円,10億〜50億円,未上場,情報あり
https://baseconnect.in/companies/0ab83e57-1929-4683-9873-cf02b83d48b6,ＮＳＳホールディングス株式会社,〒160-0023東京都新宿区西新宿６丁目８番１号住友不動産新宿オークタワー,5000万円,50億〜300億円,未上場,情報あり
https://baseconnect.in/companies/1d718932-01e2-454e-8567-ef7b7ab6dd92,日本開発株式会社,〒472-0037愛知県知立市栄１丁目１番地,1000万円,,未上場,情報あり
https://baseconnect.in/companies/b1519177-7cbf-4b02-af59-26f076998ea1,株式会社システムニシツウ,〒815-0082福岡県福岡市南区大楠１丁目５番２号ＳＹＳＫＥＮ大楠ビル２Ｆ,4000万円,10億〜50億円,未上場,情報あり
https://baseconnect.in/companies/23069d69-d440-4e7f-92a8-3d40e406fec0,Ａｓｔｅｍｏ仙台株式会社,〒980-0811宮城県仙台市青葉区一番町３丁目３番５号仙台青葉通ビル４Ｆ,9000万円,10億〜50億円,未上場,情報あり
https://baseconnect.in/companies/9f19dd8b-87fc-45e0-8990-d743628be4d5,ＡＧＣテクノロジーソリューションズ株式会社,〒210-0024神奈川県川崎市川崎区日進町１番地１４,5000万円,50億〜300億円,未上場,情報あり
https://baseconnect.in/companies/1130f15a-96f2-49b7-98a9-8e92db3489ec,株式会社エルテス,〒028-3318岩手県紫波郡紫波町紫波中央駅前２丁目３番地９４,12億2300万円,10億〜50億円,東証グロース,情報あり
https://baseconnect.in/companies/5a685349-5efd-4b7f-93e3-3cc7ad9f3830,ビジネスシステムサービス株式会社,〒101-0051東京都千代田区神田神保町２丁目２番地,5000万円,10億〜50億円,未上場,情報あり
https://baseconnect.in/companies/5e5cc814-e81c-44ef-97ec-855fc33b017f,株式会社ギガ,〒154-0024東京都世田谷区三軒茶屋１丁目２２番３号,9900万円,10億〜50億円,未上場,情報あり
https://baseconnect.in/companies/4b9b4be4-479f-4951-8fb5-892d52ae5da2,株式会社クレヴァシステムズ,〒105-0014東京都港区芝３丁目２４番２１号,2億8407万円,10億〜50億円,未上場,情報あり
https://baseconnect.in/companies/88da0117-b972-443f-8d95-116cfde65286,株式会社オープンロジ,〒170-0013東京都豊島区東池袋１丁目３４番５号,1億円,,未上場,情報あり
https://baseconnect.in/companies/9d3f6f2e-1d4c-4071-bbdf-c24982631493,株式会社日本ビジネスソフト,〒859-3153長崎県佐世保市三川内新町２７番地１,5000万円,10億〜50億円,未上場,情報あり
https://baseconnect.in/companies/c3af5132-6cce-4fca-afec-da8658152566,株式会社ＳＦＩＤＡ　Ｘ,〒160-0023東京都新宿区西新宿６丁目１８番１号,2545万円,10億〜50億円,未上場,情報あり
https://baseconnect.in/companies/ad62162b-75cf-4e73-b1b3-9f59b617924c,デジタル総合印刷株式会社,〒546-0002大阪府大阪市東住吉区杭全２丁目１０番１号,5000万円,10億〜50億円,未上場,情報あり
https://baseconnect.in/companies/888cea05-e5ce-4bf0-81c5-69b862ee9f16,株式会社ナイス,〒461-0004愛知県名古屋市東区葵１丁目１６番３８号,3000万円,10億〜50億円,未上場,情報あり
https://baseconnect.in/companies/04631725-d518-4c7d-b905-1b3b87fcc553,株式会社アローズ・システムズ,〒220-0012神奈川県横浜市西区みなとみらい２丁目３番１号,6132万円,10億〜50億円,未上場,情報あり
https://baseconnect.in/companies/d247e69d-5b72-46c2-8eda-922966fe01db,株式会社ＴＶｅｒ,〒105-0004東京都港区新橋２丁目１９番１０号,1億円,,未上場,
https://baseconnect.in/companies/c4c7d7da-6b2d-4e0b-8072-18af308c6f6f,株式会社ＡｌｂａＬｉｎｋ,〒135-0042東京都江東区木場２丁目１７番１６号,2400万円,,TOKYO PRO Market,情報あり
https://baseconnect.in/companies/f31b6595-f706-43a8-ab46-8df6d847d924,東海メンテナンス株式会社,〒514-1107三重県津市久居中町２５１番地１,2000万円,,未上場,情報あり
https://baseconnect.in/companies/0b79b658-173e-43b4-84ed-303a893c3b7e,ＳＤエンターテイメント株式会社,〒003-0023北海道札幌市白石区南郷通１丁目北８番１号,1億円,10億〜50億円,東証スタンダード,情報あり
https://baseconnect.in/companies/7a00d52d-26ee-4b77-a13b-7246e39b4b6b,株式会社スタメン,〒450-0006愛知県名古屋市中村区下広井町１丁目１４－８,6億800万円,10億〜50億円,東証グロース,情報あり
https://baseconnect.in/companies/c8edb6dd-5537-46eb-9504-a546df4b5765,株式会社ドゥシステム,〒411-0835静岡県三島市玉川４６５番地の１,3000万円,10億〜50億円,未上場,情報あり
https://baseconnect.in/companies/10c88d18-ad28-4c59-8c70-a2b25c3889d2,株式会社Ｖｕｅｔｅｃｈ,〒160-0022東京都新宿区新宿１丁目１９番１０号サンモールクレスト５０１,2000万円,,未上場,
https://baseconnect.in/companies/5042f4ff-a578-48e7-b02a-b0c92a254897,株式会社ザイナス,〒870-0839大分県大分市金池南１丁目５番１号,4120万円,10億〜50億円,未上場,情報あり
https://baseconnect.in/companies/6727538b-bcf2-4239-8bf2-f299b1c9b9aa,株式会社ロジエンス,〒448-0802愛知県刈谷市末広町２丁目３番１３号,1000万円,,未上場,情報あり
https://baseconnect.in/companies/e4681241-9f16-4fdb-85ba-764cf714819d,株式会社カンリー,〒140-0002東京都品川区東品川２丁目２番２０号,1億円,,未上場,情報あり
https://baseconnect.in/companies/2c29c49a-87cd-415c-aa57-374f73f046ef,株式会社学研エル・スタッフィング,〒171-0033東京都豊島区高田３丁目１４番２９号,3500万円,,未上場,情報あり
https://baseconnect.in/companies/01fc0f97-9081-4763-8d53-e0f0d246906c,ＴＳＲ株式会社,〒150-0002東京都渋谷区渋谷２丁目２２－３渋谷東口ビル６Ｆ,1500万円,,未上場,情報あり
https://baseconnect.in/companies/0594363c-b015-476d-b6ee-383e708c2b08,沖電グローバルシステムズ株式会社,〒902-0061沖縄県那覇市古島１丁目１５番地の１０,2000万円,10億〜50億円,未上場,情報あり
https://baseconnect.in/companies/8d4c3309-9a74-4bf4-909e-9de93c9f181c,デロイトトーマツウェブレッジ株式会社,〒963-0911福島県郡山市西田町大田字込内６６４番地,,,未上場,情報あり
https://baseconnect.in/companies/6a2b3017-dd65-47ed-94de-6a0a4c8bd835,株式会社ＳＪＣ,〒984-0015宮城県仙台市若林区卸町２丁目９番地の５,5000万円,10億〜50億円,未上場,
https://baseconnect.in/companies/6c487300-3e91-489a-adf6-1f7650674311,双葉電機株式会社,〒702-8022岡山県岡山市南区福成２丁目２３番１８号,4950万円,50億〜300億円,未上場,情報あり
https://baseconnect.in/companies/e9088bf8-74e2-48f9-8971-3256e2fd0f40,株式会社クラフト,〒171-0033東京都豊島区高田３丁目１４番２９号,1185万円,,未上場,情報あり
https://baseconnect.in/companies/239687a9-00f9-474d-b9af-4286ed25e7c0,メディアミックスソリューションズ株式会社,〒105-0001東京都港区虎ノ門５丁目１１番２号,3000万円,,未上場,情報あり
https://baseconnect.in/companies/f2abfcc5-f901-4459-9668-86b43c03b82b,株式会社ｆｏｒｅｄｇｅ,〒105-0012東京都港区芝大門２丁目４－８ＪＤＢビル７階,,,未上場,情報あり
https://baseconnect.in/companies/5011849c-2922-4a3c-ba14-1d0661932ea7,クイック・ネットワーク株式会社,〒650-0037兵庫県神戸市中央区明石町４４番地,1億円,,未上場,情報あり
https://baseconnect.in/companies/51295006-7a47-4db7-9bdc-352db084478f,日産ビジネスサービス株式会社,〒220-0011神奈川県横浜市西区高島２丁目６番３２号,9000万円,,未上場,情報あり
https://baseconnect.in/companies/1b61e6a3-3a8c-4ede-b912-3382fe7e9c90,株式会社イルグルム,〒530-0001大阪府大阪市北区梅田２丁目２番２２号,3億1806万5000円,10億〜50億円,東証グロース,情報あり
https://baseconnect.in/companies/2b87a224-a1ce-4af8-a628-6123a72c4484,ネイバーズ株式会社,〒541-0042大阪府大阪市中央区今橋２丁目３－１６ＪＭＦビル今橋０１－３階,,,未上場,情報あり
https://baseconnect.in/companies/641a9f31-7524-4c5f-a91f-4aa2689e85d7,エヌデック株式会社,〒113-0021東京都文京区本駒込２丁目２８番８号,9000万円,50億〜300億円,未上場,情報あり
https://baseconnect.in/companies/0fd2b64d-edcd-4553-85c2-ec47ae7321cc,株式会社ＰＤＣ,〒105-0001東京都港区虎ノ門３丁目７番１４号,3000万円,,未上場,
https://baseconnect.in/companies/dde3d442-752a-4b8f-afc8-447e685709ee,Ｇｒｏｗ　Ｃｏｍｍｕｎｉｔｙ株式会社,〒460-0002愛知県名古屋市中区丸の内１丁目１０番１９号サンエイビル６Ｆ,2000万円,,未上場,情報あり
https://baseconnect.in/companies/18b24a3e-9d01-4a3e-9f3f-7e1f41b704a8,株式会社マイクロ・テクニカ,〒170-0013東京都豊島区東池袋３丁目１２番２号,1億5000万円,,未上場,情報あり
https://baseconnect.in/companies/555365c5-7d84-460d-af2d-d4a5f38d7cac,株式会社日経統合システム,〒100-0004東京都千代田区大手町１丁目３番７号,8億7000万円,,未上場,情報あり
https://baseconnect.in/companies/64073c18-e166-44ef-b45d-9ab68b7ad446,ＴＣＳ株式会社,〒150-0013東京都渋谷区恵比寿１丁目１９番１９号,8億6774万円,50億〜300億円,未上場,情報あり
https://baseconnect.in/companies/0cbb9df9-a4b9-4f07-a166-312f92f148ea,株式会社ヘッドウォータース,〒160-0023東京都新宿区西新宿６丁目５番１号,3億7833万8000円,10億〜50億円,東証グロース,情報あり
https://baseconnect.in/companies/1f162e04-649a-4bcd-912d-af9c1470b163,ベクター・ジャパン株式会社,〒108-0075東京都港区港南１丁目２番７０号,5000万円,,未上場,情報あり
https://baseconnect.in/companies/caa009eb-d62f-4eb6-9474-9172ff165168,コスモ・バイオ株式会社,〒135-0016東京都江東区東陽２丁目２番２０号,9億1800万円,50億〜300億円,東証スタンダード,情報あり
https://baseconnect.in/companies/41679fa6-ba8c-41b9-ba96-07dcc6b4d9bc,株式会社ヒューマンシステム,〒108-0073東京都港区三田３丁目１３番１６号三田４３ＭＴビル２階,4000万円,10億〜50億円,未上場,情報あり
https://baseconnect.in/companies/378f6685-82d7-4e26-bb90-3496db668458,岩谷情報システム株式会社,〒541-0053大阪府大阪市中央区本町３丁目６番４号,3000万円,10億〜50億円,未上場,情報あり
https://baseconnect.in/companies/dbb0d0fc-9e31-4e94-a0ab-d781d716a59c,株式会社ソルコム,〒105-0023東京都港区芝浦１丁目３番３号,4000万円,,未上場,情報あり
https://baseconnect.in/companies/ff25a748-3cfc-4260-a899-6a19f4ab7579,株式会社ＲＤサポート,〒104-0061東京都中央区銀座６丁目２番１号,2510万円,,未上場,情報あり
https://baseconnect.in/companies/c51f2447-f0e9-4fd4-a347-b8124aec6c27,吉川工業株式会社,〒805-0059福岡県北九州市八幡東区尾倉２丁目１番２号,1億円,50億〜300億円,未上場,情報あり
https://baseconnect.in/companies/7dc51ec6-25b1-4eb3-8e0d-49e29b531f14,株式会社インプル,〒060-0063北海道札幌市中央区南三条西１０丁目１００１番地５,2480万円,,未上場,情報あり
https://baseconnect.in/companies/16987be0-6699-40b7-9a37-76460e9a16cb,株式会社ブロードエンタープライズ,〒530-0051大阪府大阪市北区太融寺町５番１５号,7000万円,10億〜50億円,東証グロース,情報あり
https://baseconnect.in/companies/4fba38e6-f973-4b79-a871-c4296418c1aa,クリプトン・フューチャー・メディア株式会社,〒060-0003北海道札幌市中央区北三条西４丁目１番地１,,,未上場,情報あり
https://baseconnect.in/companies/732d60d8-b2d9-41f8-83cf-2de560998d51,六甲山観光株式会社,〒657-0101兵庫県神戸市灘区六甲山町一ケ谷１番３２号,,,未上場,情報あり
https://baseconnect.in/companies/9af5af22-9e7c-4840-9f6f-dda28ff5b690,株式会社エデックリンセイシステム,〒441-8113愛知県豊橋市西幸町字浜池３３１番地９,4000万円,50億〜300億円,未上場,情報あり
https://baseconnect.in/companies/3d9799c5-068b-4f4d-88a9-5bec15b7f1f2,東洋システム株式会社,〒190-0023東京都立川市柴崎町２丁目３番１７号,5000万円,10億〜50億円,未上場,情報あり
https://baseconnect.in/companies/8789f997-4584-4bcf-a66b-1e6a1f8ecb36,ＨＲソリューションズ株式会社,〒103-0027東京都中央区日本橋３丁目１０番５号オンワードパークビルディング１０階,3億9039万円,10億〜50億円,未上場,情報あり
https://baseconnect.in/companies/85fb3dd6-56d7-47df-9b3b-7ed0639f153c,イタンジ株式会社,〒106-0032東京都港区六本木３丁目２番１号,3600万円,1億〜3億円,未上場,情報あり
https://baseconnect.in/companies/ac19451a-6e85-44ce-87d3-cd0e9d06b3c6,クーパービジョン・ジャパン株式会社,〒106-0032東京都港区六本木１丁目４番５号,4億9900万円,,未上場,情報あり
https://baseconnect.in/companies/f382ab8f-9c87-4ceb-b285-6fec9e237048,株式会社オムニ,〒461-0005愛知県名古屋市東区東桜１丁目１３番３号ＮＨＫ名古屋放送センタービル,5000万円,,未上場,情報あり
https://baseconnect.in/companies/2a7bde32-02f6-4265-b17b-04906690864a,株式会社栄電舎,〒830-0047福岡県久留米市津福本町字南津留２３４８番地の８,4050万円,,未上場,情報あり
https://baseconnect.in/companies/035a1139-0573-4a72-b338-f51efdfb18f4,株式会社小田原機器,〒250-0005神奈川県小田原市中町１丁目１１番３号,3億3659万円,10億〜50億円,東証スタンダード,情報あり
https://baseconnect.in/companies/1ec6e8e3-6e96-4550-8c04-61f0345cb031,日本ソフトウエアマネジメント株式会社,〒221-0056神奈川県横浜市神奈川区金港町５番地３２ベイフロント横浜,5000万円,10億〜50億円,未上場,情報あり
https://baseconnect.in/companies/1ed0d2b0-5c5c-4ce8-8820-aab8423d2215,Ｓｎプロパティーマネジメント株式会社,〒104-0032東京都中央区八丁堀３丁目２５番９号３階,,,未上場,情報あり
https://baseconnect.in/companies/02208be0-4b4b-489b-b82d-c674674db782,株式会社インターコム,〒101-0022東京都千代田区神田練塀町３番地,8400万円,10億〜50億円,未上場,情報あり
https://baseconnect.in/companies/05438b14-67bd-4124-b7b0-253dbf5a2252,株式会社Ｂｅパートナーズ,〒700-0975岡山県岡山市北区今３丁目１０番１０号備前ビル１階,2000万円,,未上場,情報あり
https://baseconnect.in/companies/53885faa-7177-4651-8fbd-7328833b0f30,星光社印刷株式会社,〒422-8027静岡県静岡市駿河区豊田３丁目６番１２号,1億円,10億〜50億円,未上場,情報あり
https://baseconnect.in/companies/4b87b8bb-02f8-4430-a723-d04b9eff15fd,株式会社インターファクトリー,〒102-0071東京都千代田区富士見２丁目１０番２号,4億3560万円,10億〜50億円,東証グロース,情報あり
https://baseconnect.in/companies/ea82f6c2-2821-49df-a4ab-048cea8fbb71,株式会社アイ・ピー・エス,〒530-0011大阪府大阪市北区大深町３番１号グランフロント大阪タワーＢ１６階,2億5525万円,10億〜50億円,東証スタンダード,情報あり
https://baseconnect.in/companies/2b8f8e3c-50b7-4da8-a14b-3a8ef91584c5,株式会社でんそく,〒939-8221富山県富山市八日町１００番地,2000万円,,未上場,情報あり
https://baseconnect.in/companies/0785db5c-f2ee-43c2-aeb5-9dedfbbc7dbf,株式会社トレードワークス,〒107-0052東京都港区赤坂５丁目２番２０号,3億1231万8400円,10億〜50億円,東証スタンダード,情報あり
https://baseconnect.in/companies/3a4c262a-c8c6-4ba7-8e1e-9e3223ffefa6,株式会社ＤＮＰフォトイメージングジャパン,〒162-0062東京都新宿区市谷加賀町１丁目１番１号,1億円,50億〜300億円,未上場,情報あり
https://baseconnect.in/companies/24bf324d-1e98-4fac-b2ec-06aaf5f89052,株式会社オートメイション・テクノロジー,〒812-0007福岡県福岡市博多区東比恵２丁目８番１６号,5000万円,,未上場,情報あり
https://baseconnect.in/companies/ccd582f0-73d5-414c-afdf-88aa23c5c59e,埼玉陸送有限会社,〒336-0024埼玉県さいたま市南区根岸５丁目２３番１５号,,,未上場,情報あり
https://baseconnect.in/companies/b8673891-880d-4de6-ab17-50ad60985ff5,株式会社アド・ソアー,〒213-0012神奈川県川崎市高津区坂戸３丁目２番１号かながわサイエンスパーク,2040万円,10億〜50億円,未上場,情報あり
https://baseconnect.in/companies/3ff4f4a2-6a1a-4b52-b4b1-1e7a37675d5c,株式会社ＲＪＣ,〒102-0072東京都千代田区飯田橋１丁目３番７号ＪＣ九段下ビル４Ｆ,6000万円,10億〜50億円,未上場,情報あり
https://baseconnect.in/companies/2c572962-1a8f-4519-8355-0f871a816e0f,ＴＯＴＯインフォム株式会社,〒802-0076福岡県北九州市小倉北区中島２丁目１番１号,1000万円,,未上場,情報あり
https://baseconnect.in/companies/843639ac-f9a3-4a7b-8255-1ffe4ad8c2b2,株式会社ＣＣＮグループ,〒101-0045東京都千代田区神田鍛冶町３丁目７番４号,4500万円,,TOKYO PRO Market,情報あり
https://baseconnect.in/companies/f5e18091-8fe0-4434-8b14-36b8efa33e05,ウェルネット株式会社,〒060-0041北海道札幌市中央区大通東１０丁目１１番地４,6億6778万円,50億〜300億円,東証スタンダード,情報あり
https://baseconnect.in/companies/2ff2d677-ac4b-4306-825b-f214982a4cc7,株式会社ジー・サーチ,〒212-0014神奈川県川崎市幸区大宮町１番地５,4億8000万円,10億〜50億円,未上場,情報あり
https://baseconnect.in/companies/10db872c-30df-431f-849b-2f2ebc0df8ca,株式会社Ｔ２,〒100-0011東京都千代田区内幸町２丁目２番３号日比谷国際ビル,,,未上場,
https://baseconnect.in/companies/ae0f0a94-54d6-4b27-9e13-f92021c8d6d6,株式会社日立データーセンター,〒316-0025茨城県日立市森山町５丁目８番１６号,,,未上場,情報あり
https://baseconnect.in/companies/d3905c2e-683a-4f46-b30f-02667e4318b9,株式会社ガラパゴス,〒101-0051東京都千代田区神田神保町２丁目１４番地ＳＰ神保町ビル８階,5000万円,,未上場,
https://baseconnect.in/companies/9b227f69-51ab-46da-a498-a089a2f636e0,株式会社アイテック,〒105-0003東京都港区西新橋１丁目１８番６号,8000万円,,未上場,情報あり
https://baseconnect.in/companies/aa8a3bbf-0bc9-4f49-bd90-0da78ad3e3f7,トライズ株式会社,〒105-0012東京都港区芝大門２丁目１２番９号ＨＦ浜松町ビルディング６階,,,未上場,
https://baseconnect.in/companies/c0b503d9-10e3-4cb9-b6b0-a5b314bd2750,株式会社総合システムリサーチ,〒450-0003愛知県名古屋市中村区名駅南１丁目３番１８号,2000万円,3億〜10億円,未上場,情報あり
https://baseconnect.in/companies/b826c29a-a327-4789-be87-3b47261fece9,株式会社アムタス,〒107-0052東京都港区赤坂９丁目７番２号,1億5000万円,,未上場,情報あり
https://baseconnect.in/companies/08dedca7-e45a-4686-b5fa-7e88d24beec4,株式会社ＦＵＳＩＯＮＩＡ,〒160-0023東京都新宿区西新宿７丁目４番７号,1300万円,,未上場,情報あり
https://baseconnect.in/companies/35787401-67db-446d-9e43-8a0047106c1c,キーエンスソフトウェア株式会社,〒532-0011大阪府大阪市淀川区西中島６丁目１番１号,3億円,,未上場,情報あり
https://baseconnect.in/companies/0e30eaec-ae89-482d-8f78-a675740a192a,株式会社サンテク,〒812-0011福岡県福岡市博多区博多駅前４丁目３番２２号,,10億〜50億円,未上場,情報あり
https://baseconnect.in/companies/4b8773f2-7d6c-4b05-8cee-1f7dff07b77b,ベレックス株式会社,〒150-0045東京都渋谷区神泉町２１番３号,5000万円,,未上場,情報あり
https://baseconnect.in/companies/f647dbbb-f85f-43f4-bd2f-cb85354686e3,マイクロテクノロジー株式会社,〒110-0015東京都台東区東上野４丁目８番１号,1億3180万円,10億〜50億円,未上場,情報あり
https://baseconnect.in/companies/8ba1f6d9-3989-4d60-82e6-d718cf657430,株式会社Ｃｒａｎｅ＆Ｉ,〒162-0825東京都新宿区神楽坂１丁目２番地研究社英語センタービル３階,4000万円,,未上場,情報あり
https://baseconnect.in/companies/04083bb4-230f-4d8a-b9b4-c10b8f0ff5bc,富士通Ｊａｐａｎソリューションズ九州株式会社,〒812-0007福岡県福岡市博多区東比恵１丁目５番１３号,1億円,,未上場,情報あり
https://baseconnect.in/companies/ddde3082-33cc-4a5c-ad1b-ae67b19434e8,株式会社ＰＰＦパートナーズ,〒540-0026大阪府大阪市中央区内本町２丁目４－１６,2500万円,,未上場,情報あり
https://baseconnect.in/companies/9133cfc8-b89f-41fd-8f43-0ce9eab422bb,株式会社トマト,〒150-0002東京都渋谷区渋谷２丁目１１番６号ラウンドクロス渋谷４Ｆ,5000万円,10億〜50億円,未上場,情報あり
https://baseconnect.in/companies/7634cb57-3d45-40dd-a5dc-265ddbebcdf5,キーウェア西日本株式会社,〒541-0047大阪府大阪市中央区淡路町４丁目２番１３号アーバンネット御堂筋ビル４階,8000万円,10億〜50億円,未上場,情報あり
https://baseconnect.in/companies/54c1dc42-042b-4c62-baa8-ea6af2f6df8a,株式会社メクゼス,〒541-0053大阪府大阪市中央区本町４丁目２番１２号,1億円,10億〜50億円,未上場,情報あり
https://baseconnect.in/companies/5c02d657-75e1-46c6-a818-64924730cdd9,テックウインド株式会社,〒113-0034東京都文京区湯島３丁目１９番１１号,4億9980万円,300億〜1000億円,未上場,情報あり
https://baseconnect.in/companies/b361a065-ee94-4809-b223-14d2b454954c,株式会社国際データプロダクションセンター,〒183-0057東京都府中市晴見町２丁目２４番１,5000万円,,未上場,情報あり
https://baseconnect.in/companies/b1e303fc-f8ba-4041-bbe3-e2f8b044b986,新エフエイコム株式会社,〒329-0216栃木県小山市大字楢木２９３番地２１,3000万円,,未上場,情報あり
https://baseconnect.in/companies/55da2196-0487-4fa2-9814-b8a9c72512bc,株式会社ビープラスト,〒840-0041佐賀県佐賀市城内１丁目６番１０号,1700万円,,未上場,情報あり
https://baseconnect.in/companies/4e296b17-bc71-45fe-b234-1fb9f5f65463,日伸ソフトウエア株式会社,〒150-0002東京都渋谷区渋谷２丁目２番１０号,2400万円,10億〜50億円,未上場,情報あり
https://baseconnect.in/companies/c5070d27-4583-4c6d-8cc3-bc4da8a8eb41,株式会社エルテックス,〒240-0005神奈川県横浜市保土ケ谷区神戸町１３４番地,1億円,10億〜50億円,未上場,情報あり
https://baseconnect.in/companies/52c2c6fc-8c4a-4efc-b17f-de45f22642be,株式会社つくば電気通信,〒300-0064茨城県土浦市東若松町３９８８番地３,3000万円,,未上場,情報あり
https://baseconnect.in/companies/57fa7392-3c6e-473a-89ba-7c5ffbdd1a6e,株式会社ゲームエイト,〒150-0011東京都渋谷区東１丁目３２－１２,,,未上場,
https://baseconnect.in/companies/89d6aba5-4b38-455e-bb06-9beb3baee157,株式会社ＳＯＬＵＭＩＮＡ,〒220-0012神奈川県横浜市西区みなとみらい４丁目４番２号横浜ブルーアベニュー１３階,4200万円,10億〜50億円,未上場,情報あり
https://baseconnect.in/companies/a55b3b04-4ab2-48d0-a4fb-9d67717161f1,株式会社システムズナカシマ,〒700-0982岡山県岡山市北区中島田町２丁目３番１９号ＮＸビル,1億円,10億〜50億円,未上場,情報あり
https://baseconnect.in/companies/673d67ee-f172-4e35-8a00-cf011b8de2ee,株式会社電脳交通,〒770-0831徳島県徳島市寺島本町西１丁目５番１号,1億円,,未上場,情報あり
https://baseconnect.in/companies/f113ab7c-662f-4f57-84ad-2ec03e37efd6,株式会社ＣＨＩＮＴＡＩ,〒107-0051東京都港区元赤坂１丁目２番７号,1億円,,未上場,情報あり
https://baseconnect.in/companies/d4a035f0-5e36-4677-90fb-79b6b95bfcf3,株式会社シーディア,〒144-0041東京都大田区羽田空港１丁目１番４号,5000万円,10億〜50億円,未上場,情報あり
https://baseconnect.in/companies/a22d2d44-9963-4f30-97d3-1daae09e61e2,アクシスＩＴパートナーズ株式会社,〒680-0846鳥取県鳥取市扇町７番地鳥取フコク生命駅前ビル７階,7億8118万6000円,10億〜50億円,未上場,情報あり
https://baseconnect.in/companies/cd3cbe00-3bbf-46d4-8a29-f234532e2562,東京情報システム株式会社,〒113-0033東京都文京区本郷１丁目３３番１３号,4520万円,,未上場,情報あり
https://baseconnect.in/companies/ee5fb46d-8b5a-4265-969b-56c73ea2811c,ＣＴＣファシリティーズ株式会社,〒224-0052神奈川県横浜市都筑区二の丸１番２号,1億円,10億〜50億円,未上場,
https://baseconnect.in/companies/3c1da0ff-ded3-41e9-b7f8-9fd8cb481196,株式会社大谷商会,〒950-0814新潟県新潟市東区逢谷内４６３番地,4500万円,,未上場,情報あり
https://baseconnect.in/companies/bbb61893-578c-479c-b19e-9d4449bf4436,株式会社リライフ,〒102-0074東京都千代田区九段南３丁目７番１４号,1000万円,,未上場,情報あり
https://baseconnect.in/companies/4ab31f9a-1173-471c-bc5b-45a232a8a77b,株式会社バイリンガルゲート,〒160-0023東京都新宿区西新宿８丁目１１番１号,500万円,,未上場,情報あり
https://baseconnect.in/companies/d668e28d-e45c-4db6-a983-83c32de97a1a,株式会社丸互,〒942-0061新潟県上越市春日新田４丁目１番１号,2100万円,10億〜50億円,未上場,情報あり
https://baseconnect.in/companies/af5efae9-cb05-4593-b0a0-2e7c1a55ac05,株式会社インタラクティブ・コミュニケーション・デザイン,〒107-0052東京都港区赤坂１丁目１２番３２号,5384万500円,10億〜50億円,未上場,情報あり
https://baseconnect.in/companies/f51cacec-3cfd-43f1-8424-08f23572a3ec,株式会社テクノアスカ,〒460-0008愛知県名古屋市中区栄４丁目１４番５号,2000万円,10億〜50億円,未上場,情報あり
https://baseconnect.in/companies/aec200e1-03ca-40e3-9ec4-e52594730e24,株式会社日本ブレーン,〒170-0013東京都豊島区東池袋３丁目１番１号,9700万円,10億〜50億円,未上場,情報あり
https://baseconnect.in/companies/2290e926-180f-4c2b-9098-384251958768,オープン株式会社,〒105-0003東京都港区西新橋３丁目３番１号,3000万円,,未上場,情報あり
https://baseconnect.in/companies/94a3948b-09c1-42f0-bf06-7253feaa7819,三井Ｅ＆Ｓ造船株式会社,〒135-0091東京都港区台場２丁目３番２号,1億円,50億〜300億円,未上場,情報あり
https://baseconnect.in/companies/c68034a1-3126-458d-adf7-07a8351be7c8,株式会社コムコシステム,〒141-0022東京都品川区東五反田３丁目２０番１４号,5000万円,,未上場,情報あり
https://baseconnect.in/companies/96fcdf2b-dec5-4e21-a5c8-b39b8fd05a40,株式会社中京エレクトロン,〒453-0872愛知県名古屋市中村区平池町４丁目６０番地１１,1000万円,3億〜10億円,未上場,情報あり
https://baseconnect.in/companies/b81adbe1-c0af-43e2-bd74-67c62ad08ca1,株式会社エニグモ,〒107-0052東京都港区赤坂４丁目８番１５号赤坂ＫＯＳＥＮビル４階,3億8190万3000円,50億〜300億円,東証プライム,情報あり
https://baseconnect.in/companies/b99a6aef-ef41-4d9e-a79a-305b85e90e90,データアナリティクスラボ株式会社,〒104-0045東京都中央区築地５丁目４番１８号汐留イーストサイドビル６Ｆ,2000万円,,未上場,情報あり
https://baseconnect.in/companies/f4ebf2d8-ae5f-4121-a5bb-caca21a562f7,株式会社ＳＲＣ,〒650-0021兵庫県神戸市中央区三宮町２丁目７番４号,1000万円,,未上場,情報あり
https://baseconnect.in/companies/6d5530ca-cf0a-4767-9ea0-5a609ccecc35,北陸クオール株式会社,〒920-0013石川県金沢市沖町ニ３１番,1000万円,50億〜300億円,未上場,情報あり
https://baseconnect.in/companies/93856bf9-b686-4cee-959e-6e3984798e22,株式会社オレンジアーチ,〒120-0034東京都足立区千住１丁目４番１号東京芸術センター１０階,2000万円,,未上場,情報あり
https://baseconnect.in/companies/df10b40b-7581-449a-92c3-74c3123b80bc,ラクラス株式会社,〒100-0003東京都千代田区一ツ橋１丁目１番１号,1億円,,未上場,
https://baseconnect.in/companies/cd602976-11ce-429e-ad38-2398aaa4ae57,株式会社ネットスターズ,〒104-0032東京都中央区八丁堀３丁目３番５号,86億9530万円,10億〜50億円,東証グロース,情報あり
https://baseconnect.in/companies/1e5f7d8d-b91b-4d53-862d-9989c36284f9,株式会社ダーツライブ,〒141-0033東京都品川区西品川１丁目１番１号住友不動産大崎ガーデンタワー,1000万円,,未上場,情報あり
https://baseconnect.in/companies/820a1794-017a-4303-905e-031a0e4822f1,ＺＶＣ　ＪＡＰＡＮ株式会社,〒160-0023東京都新宿区西新宿３丁目３番１３号西新宿水間ビル６Ｆ,,,未上場,
https://baseconnect.in/companies/ed93528a-fec2-41c9-8a21-b60dd52632e3,株式会社ディスカバリー,〒541-0052大阪府大阪市中央区安土町１丁目８番１５号,1000万円,,未上場,情報あり
https://baseconnect.in/companies/5c7eca7a-e2c5-4cd3-8a7b-3c669d8a5da5,株式会社ファッション・コ・ラボ,〒107-0061東京都港区北青山３丁目５番１０号,8000万円,,未上場,情報あり
https://baseconnect.in/companies/7095cb3b-7620-4279-badc-19412e7204f0,株式会社エイコーシステムクリエイツ,〒550-0003大阪府大阪市西区京町堀１丁目６番２号,4000万円,,未上場,情報あり
https://baseconnect.in/companies/0ea9192f-b286-418a-9608-4e3f56aa6525,株式会社映像システム,〒108-0014東京都港区芝４丁目２番３号,5000万円,10億〜50億円,未上場,情報あり
https://baseconnect.in/companies/9c369c29-8d64-422f-a557-4e1b1a9178b9,株式会社東和コンピュータマネジメント,〒101-0031東京都千代田区東神田２丁目５番１２号,6000万円,10億〜50億円,未上場,情報あり
https://baseconnect.in/companies/59f1ac4d-cc96-403a-8210-eb7b2f35aa70,ＫＤＤＩアジャイル開発センター株式会社,〒105-0001東京都港区虎ノ門１丁目１７番１号,1億円,,未上場,
https://baseconnect.in/companies/394b28e0-f9ef-4b0c-8806-ba0025769982,株式会社ネオマーケティング,〒150-0036東京都渋谷区南平台町１６番２５号,8518万円,10億〜50億円,東証スタンダード,情報あり
https://baseconnect.in/companies/ee09c890-f923-411c-813b-6e0bb0bb3d56,ＮＸＰジャパン株式会社,〒150-0013東京都渋谷区恵比寿４丁目２０番３号,,,未上場,情報あり
https://baseconnect.in/companies/ceb55496-dcf5-4b3c-ab6a-0034d8a99190,燈株式会社,〒112-0002東京都文京区小石川１丁目２８番１号,,,未上場,
https://baseconnect.in/companies/05836ad1-49b8-4e5c-adc8-365e3ba70b3b,ブライトスタッフ株式会社,〒506-0059岐阜県高山市下林町８３１番地１,1100万円,,未上場,情報あり
https://baseconnect.in/companies/e1e34d5c-8fe6-4d03-9a6b-96f976c86c69,ソリマチ株式会社,〒940-0071新潟県長岡市表町１丁目４番地２４,4950万円,10億〜50億円,未上場,情報あり
https://baseconnect.in/companies/4d5c186f-b9f7-413c-bf8b-1125cf904ff1,株式会社ＳＨＡＲＥ,〒064-0810北海道札幌市中央区南十条西１４丁目１番５号,3000万円,,未上場,情報あり
https://baseconnect.in/companies/48fdbbc1-5121-4b10-9b4e-359f3187398f,インフォテックス株式会社,〒141-0022東京都品川区東五反田５丁目２６番５号,2500万円,10億〜50億円,未上場,情報あり
https://baseconnect.in/companies/a41e8bbe-fec0-4b7a-8d7e-0a57a141c93a,サンリツオートメイシヨン株式会社,〒194-0045東京都町田市南成瀬４丁目２１番地９,1億3260万円,,未上場,情報あり
https://baseconnect.in/companies/219323a4-284d-4955-b969-f863d24e2e84,株式会社ファーストコネクト,〒060-0001北海道札幌市中央区北一条西５丁目２番地札幌興銀ビル６階,1006万円,10億〜50億円,未上場,情報あり
https://baseconnect.in/companies/b2cb742e-c5c0-410a-98c1-628f5786d03e,コムシスネット株式会社,〒141-0022東京都品川区東五反田１丁目２５番１３号,5000万円,50億〜300億円,未上場,情報あり
https://baseconnect.in/companies/f7e21405-5d63-46e9-969e-4587501274c4,株式会社ルーセントスクエア,〒135-0042東京都江東区木場５丁目１１番１７号,4990万円,10億〜50億円,未上場,情報あり
https://baseconnect.in/companies/75b625cc-904d-4528-bac9-381e3ff74095,デビフペット株式会社,〒950-1115新潟県新潟市西区鳥原１８１５番地,8000万円,,未上場,情報あり
https://baseconnect.in/companies/ff37bad9-103f-48b8-85d6-8bbd01175330,株式会社中部テラオカ,〒462-0844愛知県名古屋市北区清水２丁目１１番５号,5000万円,50億〜300億円,未上場,情報あり
https://baseconnect.in/companies/ef542869-7536-4c28-86c0-5931c955ff2c,株式会社日本テクニクス,〒541-0058大阪府大阪市中央区南久宝寺町４丁目１番２号,3000万円,,未上場,情報あり
https://baseconnect.in/companies/20290f1a-6814-4263-8a32-f908a4bc22d1,千代田計装株式会社,〒814-0006福岡県福岡市早良区百道１丁目１８番２５号,8000万円,10億〜50億円,未上場,情報あり
https://baseconnect.in/companies/32d2d9ec-1ef4-4adb-9781-96828d2c257c,富士ネットワークス株式会社,〒101-0061東京都千代田区神田三崎町３丁目１番１号高橋セーフビル３階,3000万円,3億〜10億円,未上場,情報あり
https://baseconnect.in/companies/abfc3294-329f-4cb4-8a04-4372723e872f,株式会社シュヴァルベル,〒160-0023東京都新宿区西新宿２丁目６番１号新宿住友ビル３７階,3000万円,3億〜10億円,未上場,情報あり
https://baseconnect.in/companies/0ffd6eb8-92e1-4437-9837-023c9cd2e3f0,Ｔｅｂｉｋｉ株式会社,〒160-0023東京都新宿区西新宿３丁目２番４号,2億4998万9000円,,未上場,
https://baseconnect.in/companies/1699199f-ebc0-4802-a760-e8d8370825ec,エキサイト株式会社,〒106-0041東京都港区麻布台１丁目３番１号麻布台ヒルズ森ＪＰタワー２７階,1億円,50億〜300億円,未上場,情報あり
https://baseconnect.in/companies/96677340-1a77-4882-95c1-25227f63e0bd,株式会社理経,〒160-0023東京都新宿区西新宿３丁目２番１１号,34億2691万円,50億〜300億円,東証スタンダード,情報あり
https://baseconnect.in/companies/1b562fcb-6c7e-42b2-8235-34159518c3c5,株式会社カンテック,〒190-0012東京都立川市曙町２丁目３４番７号ファーレイーストビル４階,6400万円,,未上場,情報あり
https://baseconnect.in/companies/b06168ca-3bb0-402b-9918-d79ac8e00839,ＮＨＮ　テコラス株式会社,〒105-0003東京都港区西新橋３丁目１番８号,21億円,,未上場,情報あり
https://baseconnect.in/companies/ff6ea245-a06e-4df9-bf29-d407e02269d6,新日本システック株式会社,〒103-0004東京都中央区東日本橋１丁目２番６号,1億円,10億〜50億円,未上場,
https://baseconnect.in/companies/3d475d46-e7ba-463a-b8d6-ded8c4e9798e,株式会社ＧＥクリエイティブ,〒461-0005愛知県名古屋市東区東桜１丁目９番２６号,1500万円,3億〜10億円,未上場,情報あり
https://baseconnect.in/companies/88a359a8-39ba-4ef7-ac98-3d3a34367931,ナツメアタリ株式会社,〒530-0004大阪府大阪市北区堂島浜２丁目２番２８号堂島アクシスビル,6776万2610円,10億〜50億円,未上場,情報あり
https://baseconnect.in/companies/00b4b446-0a37-4970-b4a9-e1819bede9ef,株式会社エイエイエスティ,〒460-0003愛知県名古屋市中区錦１丁目１１番２０号,,,未上場,情報あり
https://baseconnect.in/companies/1e0016ab-7726-4b18-bdfe-d6bb128c532a,ガイオ・テクノロジー株式会社,〒140-0002東京都品川区東品川２丁目２番４号,2億9800万円,,未上場,情報あり
https://baseconnect.in/companies/31cf9758-43e7-4a19-8ddc-eb4d54f039b8,日本ノーベル株式会社,〒114-0002東京都北区王子２丁目３０番２号,1億円,10億〜50億円,未上場,情報あり
https://baseconnect.in/companies/80d3675e-f601-4e94-9f07-a309f42d6eb8,日本システムクリエイト株式会社,〒144-0052東京都大田区蒲田４丁目２５番７号ハネサム２１,5000万円,,未上場,情報あり
https://baseconnect.in/companies/060e86b6-9166-4052-9bf1-4bb401af1b20,東洋株式会社,〒080-0020北海道帯広市西十条南９丁目７番地,4000万円,10億〜50億円,未上場,情報あり
https://baseconnect.in/companies/ff16f71b-20f4-4cdd-958b-800d730bc4d3,川口印刷工業株式会社,〒020-0841岩手県盛岡市羽場１０地割１番地２,3000万円,,未上場,情報あり
https://baseconnect.in/companies/67a974c2-c6d8-40eb-b518-2c205a6729c5,ソフトウエアビジョン株式会社,〒860-0047熊本県熊本市西区春日１丁目１２番３号ＫＦＧビル,5000万円,3億〜10億円,未上場,情報あり
https://baseconnect.in/companies/801c12a0-de8f-42fd-b8d8-aee819b584aa,興和ティムス株式会社,〒034-0093青森県十和田市西十二番町１番３号,1000万円,,未上場,情報あり
https://baseconnect.in/companies/daea2791-af48-42f6-adb7-58b111a03cab,株式会社日経ビーピー読者サービスセンター,〒134-0086東京都江戸川区臨海町５丁目２番２号,3000万円,,未上場,情報あり
https://baseconnect.in/companies/27a2180d-2a40-430f-9a9e-a6eb7a360426,アイビスジャパン株式会社,〒170-0005東京都豊島区南大塚２丁目４５番８号,5000万円,10億〜50億円,未上場,情報あり
https://baseconnect.in/companies/548ae7dd-81ab-4b69-ab5e-3a34c3afef2a,ピコシステム株式会社,〒700-0953岡山県岡山市南区西市９８番地の４,1000万円,10億〜50億円,未上場,情報あり
https://baseconnect.in/companies/f5e6de4c-bc50-4396-b633-3d24dac7f33e,サンテクノ株式会社,〒453-0011愛知県名古屋市中村区千原町５番２３号,3000万円,10億〜50億円,未上場,情報あり
https://baseconnect.in/companies/d456e446-cd3f-488c-9151-543d2c5aac5d,株式会社モバイルテクノ,〒211-0053神奈川県川崎市中原区上小田中４丁目１番１号,1億円,50億〜300億円,未上場,情報あり
https://baseconnect.in/companies/a55e1d21-aba8-4eae-b36e-636eca115322,株式会社ＫＤＤＩテクノロジー,〒135-0061東京都江東区豊洲５丁目５番１３号,4億9400万円,50億〜300億円,未上場,
https://baseconnect.in/companies/b9865d08-67fe-4687-8c37-d2e0ce1c9b0b,株式会社スリーエス,〒060-0906北海道札幌市東区北六条東４丁目１番地７,2000万円,10億〜50億円,未上場,情報あり
